user_sn,video_count,total_watch_time,avg_finish_rate,full_watch_ratio,prac_count,avg_score_rate,total_items
50,27,2520.56,83.22222222222223,0.7777777777777778,27.0,0.48777777777777775,84.0
249,96,23801.04,67.27083333333333,0.59375,134.0,0.5240579710144927,460.0
386,9,2312.6,60.55555555555556,0.4444444444444444,18.0,0.77,93.0
444,6,2535.34,50.333333333333336,0.3333333333333333,10.0,0.5469999999999999,45.0
562,21,5860.950000000001,65.57142857142857,0.5238095238095238,30.0,0.7,90.0
756,35,3396.43,84.71428571428571,0.8,32.0,0.625,90.0
1161,5,2793.94,85.6,0.8,11.0,0.7727272727272727,34.0
1633,3,1250.85,98.0,1.0,4.0,1.0,12.0
1682,16,2795.94,85.625,0.8125,21.0,0.7380952380952381,56.0
2040,17,3487.75,91.23529411764706,0.8823529411764706,24.0,0.6666666666666666,63.0
2430,67,17278.37,79.50746268656717,0.7014925373134329,166.0,0.6895428571428571,562.0
2565,4,470.8399999999999,33.5,0.25,17.0,0.8823529411764706,51.0
2782,19,4151.99,88.57894736842105,0.8421052631578947,21.0,0.8095238095238095,59.0
2975,6,2793.94,76.16666666666667,0.6666666666666666,13.0,0.7984615384615386,56.0
2976,10,2139.2200000000003,44.0,0.2,10.0,0.9,33.0
3181,6,122.34,6.666666666666667,0.0,6.0,0.9249999999999999,29.0
4136,2,326.65,97.0,1.0,0.0,,0.0
4358,20,3500.85,54.3,0.25,11.0,0.6572727272727273,49.0
4563,25,5700.51,69.64,0.56,112.0,0.6383928571428571,340.0
4787,86,19947.38,74.24418604651163,0.627906976744186,68.0,0.29661764705882354,205.0
5080,12,2598.77,43.833333333333336,0.3333333333333333,44.0,0.7272727272727273,129.0
5279,42,7058.33,83.69047619047619,0.7380952380952381,81.0,0.6049382716049383,223.0
5328,2,245.64,50.0,0.0,5.0,0.7,17.0
6147,16,3290.63,68.9375,0.5,28.0,0.5892857142857143,81.0
6160,12,2370.46,45.75,0.3333333333333333,22.0,0.6786363636363636,105.0
6537,7,2312.6,77.85714285714286,0.5714285714285714,8.0,0.52125,37.0
7431,2,189.46,22.0,0.0,61.0,0.6077049180327869,222.0
7462,15,3217.13,100.0,1.0,21.0,0.8333333333333334,59.0
7659,26,6560.08,88.65384615384616,0.8076923076923077,35.0,0.8337142857142857,120.0
7678,31,4337.28,38.58064516129032,0.22580645161290322,10.0,0.7,30.0
7800,65,20751.04,89.52307692307693,0.8615384615384616,166.0,0.6894318181818182,583.0
8731,4,2299.1,78.5,0.75,9.0,0.2588888888888889,30.0
9271,72,20249.489999999998,74.29166666666667,0.6944444444444444,158.0,0.7333132530120482,523.0
9659,3,507.65,16.0,0.0,7.0,0.7142857142857143,21.0
10345,1,273.48,100.0,1.0,33.0,0.803030303030303,100.0
12105,8,1603.77,51.625,0.375,26.0,0.6334615384615384,91.0
12337,10,1875.31,45.1,0.2,21.0,0.47619047619047616,64.0
12868,40,6894.25,73.875,0.575,22.0,0.75,66.0
12870,14,3041.33,61.07142857142857,0.42857142857142855,16.0,0.625,49.0
13163,19,4442.360000000001,60.68421052631579,0.42105263157894735,28.0,0.8453571428571429,86.0
13347,2,445.82000000000005,55.5,0.0,0.0,,0.0
13728,1,252.0,63.0,0.0,3.0,0.6833333333333332,23.0
13977,9,2981.58,76.77777777777777,0.6666666666666666,9.0,0.7222222222222222,27.0
14211,1,406.64,100.0,1.0,17.0,0.7647058823529411,52.0
14304,27,5978.24,80.22222222222223,0.6296296296296297,50.0,0.67,150.0
14435,2,94.61999999999999,11.5,0.0,8.0,0.65625,36.0
14575,63,16963.42,78.25396825396825,0.7301587301587301,112.0,0.6875,337.0
14589,86,21963.64,82.12790697674419,0.686046511627907,110.0,0.48327272727272724,331.0
14685,1,190.94000000000005,100.0,1.0,38.0,0.5657894736842105,116.0
14870,24,2880.35,96.08333333333333,0.9583333333333334,39.0,0.7564102564102564,111.0
15386,25,10179.45,86.8,0.84,43.0,0.5697674418604651,129.0
15577,26,4652.57,53.57692307692308,0.4230769230769231,16.0,0.65625,48.0
15647,9,832.63,92.11111111111111,0.8888888888888888,22.0,0.5713636363636364,84.0
15927,1,470.84,100.0,1.0,16.0,0.9375,48.0
16189,5,2378.9500000000003,63.4,0.6,14.0,0.6428571428571429,42.0
16649,8,2397.22,64.25,0.5,17.0,0.79,74.0
16883,29,7275.4800000000005,69.48275862068965,0.5517241379310345,76.0,0.6886842105263158,232.0
17087,11,5074.1,75.18181818181819,0.7272727272727273,24.0,0.5016666666666666,87.0
17591,5,1311.28,60.0,0.6,436.0,0.9636926605504588,1332.0
18082,1,423.97,91.0,1.0,2.0,0.75,21.0
18838,16,3296.1,93.75,0.9375,25.0,0.78,70.0
18887,5,1147.0100000000002,40.0,0.2,3.0,0.6666666666666666,9.0
19362,3,102.47,23.0,0.0,19.0,0.39473684210526316,94.0
19363,7,2312.6,67.57142857142857,0.5714285714285714,6.0,0.85,44.0
20230,21,3848.22,44.0,0.3333333333333333,6.0,0.75,18.0
20332,1,65.75999999999999,83.0,0.0,12.0,0.8025000000000001,114.0
20516,41,11396.82,77.46341463414635,0.5853658536585366,22.0,0.7272727272727273,66.0
20866,6,1982.0,62.333333333333336,0.5,21.0,0.8347619047619048,102.0
21047,2,566.25,100.0,1.0,13.0,0.8207692307692308,42.0
21652,23,2912.1,92.43478260869566,0.9130434782608695,30.0,0.4166666666666667,85.0
21864,15,2863.0099999999998,97.6,0.9333333333333333,22.0,0.7613636363636364,63.0
22358,8,1765.12,61.625,0.375,5.0,0.874,28.0
22546,1,234.5,83.0,0.0,8.0,0.975,89.0
23157,82,25934.67,71.21951219512195,0.6219512195121951,118.0,0.7387288135593221,362.0
23423,5,1755.68,53.8,0.2,5.0,0.986,28.0
23691,5,742.7099999999999,48.4,0.0,6.0,0.7799999999999999,31.0
23694,4,1866.21,58.0,0.5,2.0,0.75,6.0
23856,94,21346.56,74.02127659574468,0.648936170212766,67.0,0.2661194029850746,202.0
23954,2,566.25,100.0,1.0,7.0,0.7142857142857143,22.0
24108,1,16.17,3.0,0.0,35.0,0.8571428571428571,96.0
24545,8,1886.0,49.25,0.25,10.0,0.8160000000000001,34.0
24569,18,3403.21,49.111111111111114,0.2777777777777778,19.0,0.6842105263157895,58.0
24695,2,938.78,92.0,0.5,61.0,0.6372131147540984,196.0
24722,38,8537.29,56.421052631578945,0.47368421052631576,69.0,0.8043478260869565,210.0
25243,1,231.48,100.0,1.0,2.0,0.75,6.0
25244,17,3488.62,76.29411764705883,0.5882352941176471,21.0,0.8809523809523809,63.0
25406,20,6706.11,91.7,0.85,55.0,0.7727272727272727,164.0
25697,8,797.35,100.0,1.0,16.0,0.676875,62.0
25894,2,452.8,48.5,0.5,7.0,0.8971428571428571,31.0
26340,1,19.98,13.0,0.0,0.0,,0.0
26745,23,2414.5099999999998,87.43478260869566,0.8695652173913043,34.0,0.8823529411764706,105.0
26948,24,4531.62,91.66666666666667,0.9166666666666666,53.0,0.5660377358490566,135.0
27137,2,415.84999999999997,51.0,0.5,21.0,0.9761904761904762,65.0
27237,36,6389.82,61.611111111111114,0.3611111111111111,56.0,0.7142857142857143,168.0
27288,1,311.09,42.0,0.0,47.0,0.7659574468085106,143.0
27350,3,399.71,40.333333333333336,0.3333333333333333,11.0,0.729090909090909,41.0
27959,34,10128.02,74.70588235294117,0.6764705882352942,45.0,0.8,135.0
28159,4,616.0999999999999,26.5,0.0,48.0,0.6408333333333334,183.0
28918,7,2312.6000000000004,74.57142857142857,0.5714285714285714,12.0,0.8883333333333333,75.0
29136,1,564.0,90.0,1.0,5.0,0.8,41.0
29172,1,238.09,32.0,0.0,3.0,0.5,9.0
29435,18,4175.01,64.66666666666667,0.5555555555555556,58.0,0.6896551724137931,174.0
29941,2,473.85,58.5,0.0,3.0,0.8333333333333334,10.0
30432,6,1970.76,71.83333333333333,0.5,5.0,0.76,41.0
30437,47,13776.04,79.72340425531915,0.6808510638297872,15.0,0.5,45.0
30514,36,6241.43,77.91666666666667,0.6111111111111112,29.0,0.8103448275862069,92.0
31371,61,22957.43,91.62295081967213,0.8852459016393442,130.0,0.772340425531915,436.0
31498,3,971.56,67.33333333333333,0.6666666666666666,59.0,0.7542372881355932,170.0
31725,22,4536.75,100.0,1.0,33.0,0.6515151515151515,85.0
32037,22,6945.26,80.27272727272727,0.7272727272727273,63.0,0.6507936507936508,189.0
32253,5,2365.54,83.8,0.8,27.0,0.6592592592592593,118.0
32278,21,2328.58,95.19047619047619,0.9523809523809523,49.0,0.6651020408163266,153.0
32600,17,1540.48,94.17647058823529,0.9411764705882353,22.0,0.9545454545454546,64.0
33131,5,986.5799999999999,60.0,0.6,7.0,0.19,23.0
34198,4,518.91,87.0,0.75,5.0,0.6,15.0
34305,20,4049.51,92.75,0.9,37.0,0.7702702702702703,100.0
35160,7,1456.06,45.857142857142854,0.2857142857142857,5.0,0.9,15.0
35366,2,700.99,100.0,1.0,28.0,0.5535714285714286,84.0
35606,10,2327.4900000000002,37.3,0.1,4.0,0.85,26.0
35650,1,364.0,100.0,1.0,4.0,0.75,12.0
36646,13,2500.16,49.15384615384615,0.15384615384615385,3.0,0.7766666666666667,23.0
36882,1,64.76,14.0,0.0,18.0,0.81,98.0
36976,3,769.14,36.666666666666664,0.3333333333333333,6.0,0.9666666666666668,44.0
37075,2,622.62,100.0,1.0,9.0,0.5555555555555556,27.0
37341,22,2038.56,74.9090909090909,0.6818181818181818,46.0,0.7680434782608695,144.0
37419,7,2598.69,84.28571428571429,0.8571428571428571,13.0,0.6153846153846154,39.0
37944,6,1640.95,52.166666666666664,0.16666666666666666,24.0,0.6458333333333334,72.0
38018,1,470.84,100.0,1.0,26.0,0.75,78.0
38524,1,162.4,100.0,1.0,3.0,0.8433333333333334,35.0
39160,60,21739.65,90.01666666666667,0.8333333333333334,145.0,0.7069655172413793,450.0
39434,5,2073.18,67.4,0.6,8.0,0.99125,63.0
39435,7,2312.6,75.71428571428571,0.5714285714285714,36.0,0.8694444444444445,147.0
39654,25,8715.4,85.64,0.72,49.0,0.6673469387755102,169.0
40175,9,2312.6,55.888888888888886,0.4444444444444444,12.0,0.6033333333333334,62.0
40356,10,2095.73,52.7,0.2,17.0,0.6470588235294118,51.0
40556,21,2117.04,88.52380952380952,0.8095238095238095,24.0,0.2916666666666667,69.0
40647,1,92.25,37.0,0.0,7.0,0.7142857142857143,21.0
40712,1,479.99,54.0,0.0,6.0,0.9166666666666666,18.0
40991,106,27539.26,75.40566037735849,0.6320754716981132,83.0,0.27903614457831327,251.0
41745,75,28130.92,88.36,0.8,152.0,0.6151315789473685,467.0
41794,27,6944.71,63.03703703703704,0.5555555555555556,28.0,0.5507142857142857,85.0
41828,29,10216.710000000001,92.82758620689656,0.8620689655172413,65.0,0.6,195.0
42938,3,366.99,66.66666666666667,0.6666666666666666,6.0,0.5216666666666666,57.0
43313,23,6200.22,78.82608695652173,0.5652173913043478,27.0,0.3211111111111111,83.0
43569,8,2392.58,49.875,0.375,14.0,0.71,85.0
43921,92,22466.66,72.98913043478261,0.5760869565217391,86.0,0.7054651162790698,265.0
44211,1,61.79,9.0,0.0,10.0,0.683,67.0
44776,42,13169.08,76.42857142857143,0.6666666666666666,112.0,0.625,331.0
44871,2,146.27,14.0,0.0,40.0,0.975,81.0
44922,26,6077.96,72.57692307692308,0.5,10.0,0.75,30.0
45304,34,10358.25,78.41176470588235,0.6764705882352942,40.0,0.65,120.0
46520,1,564.0,90.0,1.0,11.0,0.6754545454545454,111.0
46828,16,3891.85,60.875,0.5625,6.0,0.08333333333333333,18.0
47029,32,6603.26,66.5,0.46875,2.0,0.25,6.0
47147,1,314.08,100.0,1.0,4.0,0.375,12.0
47469,21,3097.0,43.76190476190476,0.23809523809523808,13.0,0.6023076923076923,41.0
47592,1,411.11,100.0,1.0,7.0,0.7857142857142857,21.0
47820,4,1824.38,75.75,0.75,54.0,0.8611111111111112,165.0
47853,90,20106.56,67.52222222222223,0.6111111111111112,95.0,0.3123157894736842,286.0
47919,15,1249.72,35.46666666666667,0.2,7.0,0.31,23.0
48508,22,2564.69,95.45454545454545,0.9545454545454546,23.0,0.8043478260869565,67.0
48579,19,904.24,58.1578947368421,0.47368421052631576,17.0,0.7552941176470588,65.0
49703,23,3631.89,54.47826086956522,0.43478260869565216,119.0,0.5168067226890757,357.0
49752,32,6051.48,71.65625,0.59375,47.0,0.7127659574468085,129.0
49908,39,10863.45,77.61538461538461,0.6410256410256411,7.0,0.7857142857142857,21.0
50197,2,223.59,25.0,0.0,4.0,0.9825,23.0
50344,46,13964.619999999999,70.43478260869566,0.6956521739130435,91.0,0.6575824175824176,277.0
50345,50,18351.71,84.08,0.76,138.0,0.6715217391304348,419.0
50861,13,2392.68,90.76923076923077,0.8461538461538461,15.0,0.7666666666666667,39.0
51065,16,4662.02,71.0,0.4375,26.0,0.6730769230769231,78.0
51313,1,26.36,8.0,0.0,26.0,0.8269230769230769,63.0
51729,14,1713.08,33.06666666666667,0.13333333333333333,22.0,0.6827586206896552,100.0
51773,2,603.63,75.5,0.5,32.0,0.890625,98.0
52069,23,2880.35,100.0,1.0,37.0,0.6621621621621622,104.0
52119,26,5028.3,56.76923076923077,0.38461538461538464,8.0,0.8125,24.0
52177,20,6119.5,79.1,0.65,19.0,0.3157894736842105,57.0
52650,61,22071.77,92.9672131147541,0.9180327868852459,115.0,0.434016393442623,387.0
52843,5,2299.1000000000004,71.4,0.4,13.0,0.44846153846153847,43.0
53012,2,283.24,80.5,0.5,7.0,0.5628571428571428,47.0
53257,85,24035.71,84.29411764705883,0.7647058823529411,108.0,0.3425925925925926,325.0
53783,32,6019.22,91.96875,0.84375,88.0,0.44886363636363635,228.0
54306,10,2126.1,43.5,0.3,15.0,0.7866666666666667,58.0
54427,3,577.53,71.0,0.6666666666666666,13.0,0.7053846153846154,43.0
54707,41,3071.49,69.04878048780488,0.5853658536585366,27.0,0.747037037037037,83.0
55496,48,17587.48,89.33333333333333,0.7916666666666666,148.0,0.6227702702702703,452.0
55656,26,2549.2799999999997,50.80769230769231,0.5,17.0,0.6470588235294118,44.0
55921,38,10749.14,81.28947368421052,0.7105263157894737,51.0,0.6666666666666666,153.0
56017,16,2589.73,79.5625,0.75,29.0,0.5517241379310345,78.0
56152,22,2240.8,85.22727272727273,0.7272727272727273,39.0,0.8717948717948718,112.0
56211,67,21711.46,74.01492537313433,0.6268656716417911,131.0,0.6858015267175572,401.0
56423,1,290.68,63.0,0.0,12.0,0.895,136.0
56888,3,613.6,47.333333333333336,0.3333333333333333,12.0,0.9166666666666666,38.0
56903,6,1185.6100000000001,54.833333333333336,0.16666666666666666,4.0,0.4325,25.0
57024,5,1818.0,78.0,0.8,15.0,0.7666666666666667,45.0
57221,32,3878.66,93.59375,0.9375,32.0,0.734375,90.0
57423,25,7648.86,80.68,0.68,67.0,0.6094029850746269,206.0
57536,6,1358.79,66.66666666666667,0.6666666666666666,43.0,0.7441860465116279,125.0
57733,55,5967.78,83.54545454545455,0.7818181818181819,65.0,0.28323076923076923,214.0
57839,3,1726.3000000000002,89.0,0.6666666666666666,6.0,0.75,18.0
57990,18,3385.4300000000003,44.388888888888886,0.16666666666666666,17.0,0.7064705882352941,103.0
58294,56,9031.45,54.642857142857146,0.3392857142857143,9.0,0.8888888888888888,27.0
58627,3,470.84,79.0,0.3333333333333333,25.0,0.54,74.0
59410,17,1080.2900000000002,47.23529411764706,0.058823529411764705,6.0,0.6383333333333333,19.0
59809,27,5827.08,76.77777777777777,0.5925925925925926,42.0,0.6904761904761905,126.0
60474,10,2554.48,46.5,0.2,7.0,0.7142857142857143,21.0
60608,3,25.980000000000004,7.0,0.0,1.0,0.5,3.0
60666,21,4428.85,100.0,1.0,26.0,0.7115384615384616,69.0
60955,20,6781.96,79.65,0.75,32.0,0.765625,95.0
61549,1,50.61,32.0,0.0,0.0,,0.0
61562,6,1183.8200000000002,42.833333333333336,0.16666666666666666,5.0,1.0,15.0
62657,7,207.67000000000002,7.428571428571429,0.0,7.0,0.9,47.0
63384,23,2297.42,82.65217391304348,0.8260869565217391,28.0,0.7621428571428571,88.0
63649,5,1089.28,56.6,0.4,9.0,0.9444444444444444,37.0
64837,93,20344.09,65.68817204301075,0.5053763440860215,76.0,0.5284210526315789,229.0
64943,2,189.79,13.5,0.0,58.0,0.7586206896551724,174.0
65179,3,1061.89,44.666666666666664,0.3333333333333333,3.0,0.9766666666666667,23.0
65481,15,2911.8599999999997,77.46666666666667,0.5333333333333333,18.0,0.6111111111111112,53.0
65490,4,2273.1,98.75,1.0,5.0,0.906,41.0
65639,1,162.4,100.0,1.0,0.0,,0.0
65847,7,973.3799999999999,29.571428571428573,0.14285714285714285,5.0,0.8,41.0
66064,32,8831.04,79.375,0.625,86.0,0.7926744186046512,262.0
66970,2,371.0,51.5,0.5,7.0,0.7142857142857143,21.0
67051,1,0.0,0.0,0.0,6.0,0.8616666666666667,57.0
67302,12,2152.62,42.0,0.25,3.0,0.8333333333333334,9.0
67423,2,165.05,25.5,0.0,3.0,0.16666666666666666,9.0
67448,57,13352.869999999999,66.7719298245614,0.5087719298245614,105.0,0.6428571428571429,313.0
67604,22,2644.52,97.31818181818181,0.9545454545454546,42.0,0.7897619047619048,119.0
67611,16,1539.18,100.0,1.0,33.0,0.7272727272727273,96.0
67958,1,470.84,100.0,1.0,7.0,0.9285714285714286,21.0
70277,1,610.0300000000001,100.0,1.0,5.0,0.648,41.0
71501,1,59.84,12.0,0.0,8.0,0.8125,18.0
72345,8,2001.5900000000001,53.25,0.375,8.0,0.75,24.0
73198,19,4817.57,60.26315789473684,0.42105263157894735,39.0,0.7051282051282052,117.0
73199,21,2909.29,50.80952380952381,0.42857142857142855,87.0,0.8103448275862069,261.0
73441,74,19618.09,82.9054054054054,0.6891891891891891,100.0,0.6634,301.0
74646,2,1013.8,83.5,0.5,7.0,0.5714285714285714,21.0
74647,3,1222.5,83.66666666666667,0.6666666666666666,11.0,1.0,33.0
74825,2,470.84,69.5,0.5,13.0,0.8076923076923077,39.0
75581,31,8597.199999999999,92.25806451612904,0.9032258064516129,47.0,0.7659574468085106,135.0
75762,55,4369.85,36.63636363636363,0.2,17.0,0.2747058823529412,52.0
77201,1,283.24,100.0,1.0,5.0,0.9,28.0
78224,18,5406.89,78.0,0.7222222222222222,48.0,0.7395833333333334,144.0
78276,1,417.75,100.0,1.0,1.0,0.73,16.0
78593,22,5142.07,71.27272727272727,0.5909090909090909,54.0,0.7222222222222222,162.0
78969,2,789.95,70.0,0.5,6.0,0.75,18.0
79697,50,15139.72,85.34,0.82,92.0,0.7228260869565217,269.0
79910,69,23736.95,79.73913043478261,0.7391304347826086,77.0,0.5432467532467532,234.0
80283,12,3688.06,74.91666666666667,0.5833333333333334,10.0,0.75,30.0
80297,108,27919.02,73.24074074074075,0.6296296296296297,152.0,0.6556578947368421,456.0
80473,1,378.1,81.0,0.0,5.0,0.9460000000000001,24.0
81313,6,1161.1,51.333333333333336,0.3333333333333333,5.0,0.9199999999999999,28.0
82041,8,2314.68,76.875,0.5,6.0,0.85,44.0
82674,2,316.0,35.5,0.0,15.0,0.6746666666666666,55.0
82780,3,430.75,19.666666666666668,0.0,5.0,0.9,15.0
82806,2,623.55,52.5,0.5,35.0,0.8191428571428572,107.0
83115,18,3582.8199999999997,62.0,0.5,59.0,0.6779661016949152,161.0
83279,2,1.23,0.0,0.0,2.0,1.0,6.0
84285,1,24.3,6.0,0.0,27.0,0.8333333333333334,81.0
86152,19,2212.38,96.0,0.9473684210526315,40.0,0.8375,125.0
86273,14,6665.549999999999,100.0,1.0,13.0,0.11538461538461539,41.0
86762,4,925.0600000000001,51.25,0.25,6.0,0.6116666666666667,33.0
87491,2,464.63,85.5,0.5,20.0,0.9625,66.0
87657,19,4785.91,66.6842105263158,0.42105263157894735,17.0,0.47058823529411764,51.0
87787,24,4605.99,96.16666666666667,0.9166666666666666,38.0,0.7631578947368421,103.0
88106,1,61.27000000000001,100.0,1.0,7.0,0.8571428571428571,21.0
88675,10,2284.9700000000003,54.6,0.2,8.0,0.8325,64.0
88692,9,713.41,85.0,0.7777777777777778,13.0,0.6146153846153847,47.0
88849,16,2629.6,77.6875,0.75,19.0,0.868421052631579,53.0
89026,22,5297.11,78.86363636363636,0.6818181818181818,32.0,0.6875,98.0
89554,41,4420.88,51.53658536585366,0.43902439024390244,49.0,0.6224489795918368,146.0
89699,21,2775.61,100.0,1.0,37.0,0.9054054054054054,115.0
89734,6,2180.62,100.0,1.0,26.0,0.9230769230769231,79.0
89746,4,1556.73,68.0,0.5,6.0,0.8616666666666667,33.0
90299,26,4248.16,77.07692307692308,0.6923076923076923,26.0,0.7403846153846154,74.0
90696,8,1786.4,54.0,0.125,10.0,0.35,30.0
90777,3,993.03,100.0,1.0,33.0,0.6818181818181818,93.0
90887,3,931.5,100.0,1.0,6.0,0.6666666666666666,18.0
90932,1,0.0,11.0,0.0,3.0,0.8333333333333334,9.0
91160,11,2834.42,39.90909090909091,0.18181818181818182,26.0,0.5961538461538461,79.0
91703,65,22438.34,91.23076923076923,0.8461538461538461,170.0,0.7274999999999999,601.0
92084,27,5555.62,94.70370370370371,0.8518518518518519,68.0,0.7058823529411765,189.0
92401,1,18.78,4.0,0.0,61.0,0.9618032786885247,190.0
92622,6,1869.51,65.16666666666667,0.3333333333333333,9.0,0.6488888888888888,32.0
92760,19,4641.95,69.47368421052632,0.631578947368421,104.0,0.8253846153846154,321.0
92761,1,828.96,100.0,1.0,1.0,1.0,3.0
93657,4,1598.36,89.75,0.75,4.0,0.95,25.0
93661,17,4346.05,75.47058823529412,0.5882352941176471,13.0,0.8076923076923077,39.0
93666,30,3065.35,86.56666666666666,0.8333333333333334,39.0,0.7435897435897436,108.0
93692,4,2007.69,51.25,0.5,7.0,0.8385714285714286,47.0
93895,1,121.03,30.0,0.0,2.0,0.9,18.0
93969,3,695.66,68.0,0.6666666666666666,36.0,0.6944444444444444,104.0
93978,11,1886.36,47.81818181818182,0.2727272727272727,4.0,0.875,12.0
94398,1,406.64,100.0,1.0,15.0,0.7,46.0
94785,4,1413.71,82.0,0.75,25.0,0.82,76.0
94797,4,1556.73,81.75,0.5,6.0,0.8333333333333334,32.0
94820,21,5014.15,60.666666666666664,0.47619047619047616,12.0,0.7916666666666666,36.0
95354,54,21083.86,97.5925925925926,0.9629629629629629,127.0,0.6970866141732284,396.0
95510,14,2791.2799999999997,71.21428571428571,0.5714285714285714,24.0,0.6041666666666666,70.0
96146,5,2077.83,59.0,0.4,19.0,0.6842105263157895,55.0
96411,63,10967.11,55.01587301587302,0.38095238095238093,111.0,0.6141441441441442,337.0
96412,15,2696.0299999999997,89.06666666666666,0.8666666666666667,29.0,0.6379310344827587,87.0
96547,6,2312.6,75.83333333333333,0.6666666666666666,7.0,0.9085714285714286,47.0
97043,3,1007.63,75.66666666666667,0.6666666666666666,4.0,0.75,12.0
97290,13,2663.88,65.3076923076923,0.5384615384615384,44.0,0.5568181818181818,123.0
97623,9,2703.68,89.55555555555556,0.8888888888888888,22.0,0.8863636363636364,66.0
97633,36,9201.75,71.52777777777777,0.4722222222222222,6.0,0.6666666666666666,18.0
97681,12,6149.08,69.83333333333333,0.5833333333333334,18.0,0.6016666666666667,56.0
98162,22,4645.97,73.18181818181819,0.6363636363636364,76.0,0.6052631578947368,228.0
98455,83,19911.44,58.08433734939759,0.4457831325301205,69.0,0.5942028985507246,212.0
98618,4,1341.5900000000001,100.0,1.0,40.0,0.6950000000000001,133.0
98788,6,1520.57,52.166666666666664,0.3333333333333333,4.0,0.75,12.0
99158,5,1598.36,86.6,0.6,3.0,0.8333333333333334,9.0
99701,2,481.32,79.5,0.5,40.0,0.65,120.0
100711,65,12209.4,56.707692307692305,0.4153846153846154,73.0,0.815068493150685,219.0
100756,5,522.5300000000001,34.6,0.2,1.0,1.0,3.0
100932,19,2324.48,100.0,1.0,31.0,0.49451612903225806,97.0
101261,4,993.03,82.5,0.75,32.0,0.671875,93.0
101465,2,624.08,62.5,0.5,3.0,1.0,9.0
101655,90,11715.13,75.71111111111111,0.7,65.0,0.6307692307692307,188.0
101840,59,21416.440000000002,91.69491525423729,0.8305084745762712,114.0,0.5883620689655172,342.0
102732,5,1556.73,63.0,0.4,5.0,0.1,16.0
104024,3,2233.46,95.66666666666667,0.6666666666666666,2.0,1.0,6.0
104107,7,3636.1299999999997,84.57142857142857,0.7142857142857143,5.0,0.9,15.0
104645,5,2511.33,69.4,0.6,11.0,0.9545454545454546,33.0
104646,7,1855.17,44.42857142857143,0.2857142857142857,11.0,0.8181818181818182,33.0
104860,16,1539.18,100.0,1.0,26.0,0.8461538461538461,74.0
105402,4,1454.63,61.25,0.5,10.0,0.787,43.0
105814,43,8823.26,68.0,0.5348837209302325,67.0,0.6965671641791045,205.0
106129,23,5427.05,71.0,0.5652173913043478,84.0,0.5952380952380952,252.0
106389,27,2748.96,91.33333333333333,0.8518518518518519,26.0,0.5192307692307693,81.0
106483,78,20359.0,69.88461538461539,0.5641025641025641,114.0,0.713421052631579,349.0
106836,85,27503.13,89.01176470588236,0.8117647058823529,105.0,0.3015238095238095,316.0
107881,1,12.629999999999995,32.0,0.0,10.0,0.6,30.0
108008,20,3790.2999999999997,65.25,0.5,37.0,0.5405405405405406,101.0
108503,4,1163.32,58.5,0.5,5.0,0.8460000000000001,41.0
108504,5,2066.55,75.8,0.6,6.0,0.9766666666666667,44.0
108674,18,4206.92,60.94444444444444,0.5,180.0,0.8546666666666667,537.0
109766,3,0.010000000000005116,12.333333333333334,0.0,4.0,0.875,12.0
109986,1,603.62,100.0,1.0,32.0,0.8334375,98.0
110360,25,2977.0699999999997,96.08,0.96,46.0,0.8043478260869565,132.0
110401,11,5979.610000000001,72.72727272727273,0.5454545454545454,11.0,0.9027272727272727,49.0
110490,16,4704.97,79.3125,0.75,44.0,0.6477272727272727,132.0
110617,3,622.22,51.666666666666664,0.3333333333333333,7.0,0.9185714285714285,47.0
110710,6,1167.8899999999999,41.333333333333336,0.3333333333333333,11.0,0.8154545454545455,72.0
111771,12,1123.19,93.83333333333333,0.9166666666666666,23.0,0.8695652173913043,66.0
111966,1,9.63,1.0,0.0,16.0,0.5625,49.0
112109,8,2527.14,62.0,0.5,39.0,0.7769230769230769,132.0
112127,18,1974.98,91.11111111111111,0.8888888888888888,31.0,0.5267741935483871,97.0
112687,1,467.96,100.0,1.0,9.0,0.7222222222222222,27.0
112714,1,73.96000000000001,100.0,1.0,8.0,0.62125,63.0
113003,1,162.4,100.0,1.0,2.0,0.5,6.0
113067,1,283.24,100.0,1.0,4.0,0.95,38.0
113068,3,1783.9499999999998,100.0,1.0,12.0,0.7999999999999999,90.0
113224,1,470.84,100.0,1.0,29.0,0.6724137931034483,87.0
113231,5,1346.46,51.0,0.4,3.0,1.0,9.0
113538,1,17.46999999999997,70.0,0.0,6.0,0.8333333333333334,15.0
113713,23,7776.349999999999,88.17391304347827,0.8260869565217391,50.0,0.44,150.0
113931,2,757.0999999999999,54.0,0.5,8.0,0.67,63.0
114355,8,797.35,100.0,1.0,20.0,0.7045,78.0
114715,125,27911.52,74.744,0.632,78.0,0.21576923076923074,235.0
114821,1,200.37,78.0,0.0,6.0,0.4166666666666667,18.0
114851,34,13107.34,80.91176470588235,0.7058823529411765,78.0,0.6452564102564102,243.0
115579,28,5497.36,91.92857142857143,0.8571428571428571,39.0,0.8205128205128205,102.0
116554,2,622.62,100.0,1.0,15.0,0.9666666666666667,45.0
116583,36,6726.75,69.36111111111111,0.4722222222222222,47.0,0.7021276595744681,141.0
116932,8,797.37,100.0,1.0,18.0,0.7316666666666667,70.0
117209,23,5481.58,72.6086956521739,0.4782608695652174,12.0,0.7916666666666666,36.0
117421,12,2776.13,100.0,1.0,21.0,0.7380952380952381,61.0
118269,1,510.94,100.0,1.0,9.0,1.0,19.0
118338,31,3042.02,85.09677419354838,0.7741935483870968,45.0,0.5666666666666667,125.0
118339,30,3962.5299999999997,96.2,0.9333333333333333,35.0,0.4714285714285714,94.0
118544,39,8989.710000000001,70.97435897435898,0.5128205128205128,109.0,0.6911926605504587,331.0
118767,57,18186.67,80.08771929824562,0.6666666666666666,90.0,0.5593333333333333,272.0
118908,35,7046.23,83.34285714285714,0.8285714285714286,89.0,0.7247191011235955,241.0
119420,5,1957.45,63.6,0.6,6.0,0.8433333333333334,57.0
119783,2,660.95,73.5,0.5,19.0,0.7631578947368421,40.0
120624,53,2992.92,66.30188679245283,0.6037735849056604,23.0,0.8913043478260869,67.0
120708,2,298.56,59.5,0.5,8.0,0.625,24.0
120817,36,10549.869999999999,86.5,0.7777777777777778,71.0,0.6492957746478873,255.0
121384,3,1061.89,81.0,0.3333333333333333,3.0,1.0,48.0
121408,41,16045.14,88.6829268292683,0.8536585365853658,103.0,0.7799029126213592,316.0
121559,35,8203.23,71.74285714285715,0.5428571428571428,82.0,0.6239024390243902,249.0
122080,13,1228.79,100.0,1.0,25.0,0.84,73.0
122268,1,220.81,78.0,0.0,8.0,0.93375,63.0
122614,1,283.24,100.0,1.0,8.0,0.6625,63.0
122615,1,417.75,100.0,1.0,6.0,0.8116666666666666,57.0
122818,8,1809.23,59.125,0.5,18.0,0.6666666666666666,55.0
122987,1,787.24,100.0,1.0,48.0,0.625,145.0
123009,18,3601.71,89.27777777777777,0.8888888888888888,24.0,0.75,67.0
123696,30,10478.380000000001,83.56666666666666,0.8,59.0,0.7796610169491526,177.0
123738,3,454.21000000000004,42.666666666666664,0.0,8.0,0.57125,50.0
123765,23,4600.88,99.30434782608695,0.9565217391304348,51.0,0.6274509803921569,134.0
123768,35,8073.96,78.51428571428572,0.5428571428571428,66.0,0.6060606060606061,202.0
124111,2,924.71,66.5,0.5,15.0,0.9,45.0
124370,16,2959.23,53.0625,0.3125,7.0,0.8571428571428571,21.0
124901,23,4428.85,93.65217391304348,0.9130434782608695,37.0,0.7297297297297297,101.0
125104,95,29537.23,83.70526315789473,0.7473684210526316,358.0,0.8799162011173184,1078.0
125521,2,566.25,100.0,1.0,12.0,0.4166666666666667,41.0
125809,6,2299.1,70.0,0.5,4.0,0.3325,38.0
125902,35,6599.15,63.51428571428571,0.42857142857142855,49.0,0.7346938775510204,147.0
127067,22,4327.35,95.81818181818181,0.9545454545454546,71.0,0.5140845070422535,180.0
127373,2,566.25,100.0,1.0,12.0,0.7641666666666667,39.0
127502,2,264.24,33.0,0.0,11.0,0.7936363636363637,39.0
127626,1,119.13,100.0,1.0,9.0,0.6666666666666666,23.0
127719,10,3559.71,98.1,0.9,22.0,0.8786363636363635,69.0
127788,2,907.32,100.0,1.0,4.0,0.8,38.0
127789,2,760.53,81.5,0.5,6.0,0.7166666666666667,31.0
127819,26,5285.91,88.73076923076923,0.8846153846153846,40.0,0.775,103.0
127981,44,3603.33,71.72727272727273,0.6363636363636364,41.0,0.676829268292683,126.0
128023,21,1676.0,77.19047619047619,0.7619047619047619,32.0,0.60875,119.0
128565,2,399.71,73.5,0.5,2.0,0.74,21.0
129095,2,525.3,99.5,1.0,12.0,0.7916666666666666,36.0
129393,16,1470.93,86.4375,0.8125,25.0,0.5,72.0
129404,1,603.62,100.0,1.0,28.0,0.8214285714285714,85.0
129442,8,737.3100000000001,96.625,0.875,18.0,0.5594444444444444,68.0
129575,1,89.66999999999999,29.0,0.0,8.0,0.875,25.0
129888,4,459.0,49.25,0.0,7.0,0.5714285714285714,21.0
130141,5,2045.44,75.2,0.6,8.0,0.54125,22.0
130452,15,403.40000000000003,6.8,0.0,59.0,0.759322033898305,205.0
131170,7,1531.0,58.0,0.5714285714285714,12.0,0.625,36.0
131255,20,3946.92,41.4,0.3,9.0,0.6111111111111112,27.0
131685,6,1381.38,65.0,0.5,8.0,0.875,24.0
131721,54,17212.2,92.70370370370371,0.8888888888888888,136.0,0.6039705882352941,461.0
131937,9,807.0,90.22222222222223,0.8888888888888888,18.0,0.8761111111111111,70.0
132149,4,1414.18,43.5,0.25,8.0,0.5,24.0
132704,16,3469.12,56.8125,0.375,12.0,0.5,36.0
132787,7,1610.74,40.285714285714285,0.14285714285714285,11.0,0.7272727272727273,33.0
133010,20,1556.23,80.9,0.8,24.0,0.6875,68.0
133186,2,295.23,23.5,0.0,11.0,0.8272727272727273,72.0
134060,26,2905.08,86.03846153846153,0.8076923076923077,41.0,0.7378048780487805,126.0
134483,16,4646.62,70.125,0.5,29.0,0.6551724137931034,87.0
136029,8,2454.13,75.375,0.5,12.0,0.6666666666666666,36.0
136252,3,603.62,64.0,0.3333333333333333,15.0,1.0,46.0
137091,54,16841.34,91.83333333333333,0.8703703703703703,157.0,0.7449090909090909,547.0
137403,1,0.0,2.0,0.0,8.0,0.75,24.0
137425,5,512.82,33.4,0.2,9.0,0.8922222222222221,53.0
137611,40,3063.65,83.45,0.825,29.0,0.7758620689655172,85.0
137633,1,32.81,5.0,0.0,16.0,0.59375,48.0
137890,1,9.98,3.0,0.0,6.0,0.75,29.0
137891,2,337.78,42.0,0.0,3.0,0.6233333333333334,23.0
138822,11,4012.66,68.54545454545455,0.6363636363636364,20.0,0.875,60.0
139033,1,71.87,17.0,0.0,11.0,0.7836363636363636,47.0
139626,4,566.3,56.0,0.5,8.0,0.3125,25.0
139944,52,11443.08,81.75,0.7115384615384616,100.0,0.4267,301.0
140105,47,17941.73,97.0,0.9574468085106383,99.0,0.8651851851851852,373.0
140295,22,1675.95,80.0909090909091,0.7727272727272727,20.0,0.775,57.0
140499,56,18141.64,91.30357142857143,0.875,178.0,0.6045263157894737,616.0
140675,20,4463.74,55.3,0.25,11.0,0.6363636363636364,34.0
141285,1,119.54,26.0,0.0,16.0,0.74875,57.0
141777,45,7059.46,65.84444444444445,0.4,11.0,0.7727272727272727,33.0
142111,4,291.77,13.0,0.0,12.0,1.0,36.0
142184,10,4573.54,87.8,0.8,18.0,0.6666666666666666,55.0
142876,8,797.35,100.0,1.0,17.0,0.7811764705882354,66.0
143079,3,1098.64,82.33333333333333,0.3333333333333333,4.0,0.875,12.0
143305,44,10760.4,67.20454545454545,0.5,33.0,0.5581818181818182,97.0
143583,2,1608.64,100.0,1.0,11.0,0.6763636363636364,51.0
144012,55,18962.32,80.76363636363637,0.7636363636363637,149.0,0.6196644295302013,457.0
144153,36,6259.68,63.30555555555556,0.5,111.0,0.6381081081081081,337.0
144438,12,4549.85,83.75,0.8333333333333334,19.0,0.45631578947368423,59.0
144475,5,2250.37,70.8,0.4,14.0,0.5357142857142857,42.0
144962,6,1046.49,40.0,0.16666666666666666,12.0,0.8333333333333334,31.0
145319,1,103.0,22.0,0.0,3.0,0.89,20.0
146164,25,6418.53,78.68,0.6,14.0,0.8214285714285714,42.0
146538,6,2234.99,69.0,0.5,8.0,0.8875000000000001,63.0
146819,3,1351.5,67.66666666666667,0.6666666666666666,11.0,0.6363636363636364,33.0
146968,7,717.77,100.0,1.0,10.0,0.633,35.0
146981,17,4069.13,61.470588235294116,0.47058823529411764,21.0,0.6428571428571429,63.0
147457,2,417.75,95.0,1.0,3.0,0.91,22.0
147483,69,18326.79,83.10144927536231,0.7246376811594203,131.0,0.6337037037037037,433.0
147618,22,3571.78,63.72727272727273,0.4090909090909091,11.0,0.8181818181818182,29.0
147787,1,20.190000000000055,100.0,1.0,4.0,0.7825,38.0
148173,24,5949.25,73.79166666666667,0.5833333333333334,79.0,0.64126582278481,241.0
148221,5,2050.46,59.8,0.4,12.0,0.625,36.0
148300,16,888.96,35.875,0.0625,2.0,0.5,5.0
148437,21,5105.89,75.95238095238095,0.6666666666666666,29.0,0.3275862068965517,89.0
148875,2,235.06,69.5,0.5,4.0,0.95,25.0
149150,18,7220.8,72.94444444444444,0.6666666666666666,34.0,0.3111764705882353,102.0
149240,22,2838.08,77.77272727272727,0.5454545454545454,22.0,0.7045454545454546,61.0
149789,82,21625.82,70.1219512195122,0.573170731707317,101.0,0.8646534653465346,307.0
149864,23,6431.07,65.3913043478261,0.5217391304347826,58.0,0.7327586206896551,174.0
150299,31,8774.89,71.93548387096774,0.6129032258064516,55.0,0.5181818181818182,167.0
150977,2,247.95,30.5,0.0,24.0,0.6041666666666666,72.0
151405,22,4536.75,100.0,1.0,44.0,0.75,114.0
151449,5,400.38,23.0,0.2,25.0,0.73,73.0
151698,44,6732.79,89.29545454545455,0.7954545454545454,76.0,0.6601315789473684,204.0
152004,23,10822.72,96.43478260869566,0.9565217391304348,105.0,0.7269523809523809,321.0
152656,40,7094.06,57.475,0.375,8.0,0.75,24.0
152817,1,417.75,100.0,1.0,4.0,0.875,25.0
153174,41,5203.74,65.3170731707317,0.6097560975609756,46.0,0.717391304347826,118.0
153326,12,984.72,83.75,0.8333333333333334,27.0,0.7777777777777778,79.0
153657,5,573.1400000000001,42.0,0.2,23.0,0.7608695652173914,66.0
153669,8,2448.42,70.25,0.5,5.0,0.96,28.0
153683,19,2328.58,100.0,1.0,33.0,0.75,102.0
153821,12,4263.82,81.66666666666667,0.75,22.0,0.75,66.0
153938,1,34.5,7.0,0.0,1.0,0.93,16.0
154453,97,26004.83,76.71134020618557,0.6804123711340206,97.0,0.31958762886597936,291.0
154785,173,66579.84,91.30635838150289,0.861271676300578,294.0,0.9846938775510204,893.0
155127,33,3581.77,84.36363636363636,0.7575757575757576,46.0,0.7934782608695652,129.0
155193,5,524.04,100.0,1.0,3.0,0.6666666666666666,10.0
155354,17,3464.96,88.52941176470588,0.8823529411764706,24.0,0.6875,65.0
155403,4,495.17,33.75,0.0,6.0,0.8300000000000001,31.0
156322,9,3144.01,51.44444444444444,0.4444444444444444,21.0,0.6985714285714286,65.0
156817,15,5466.52,82.4,0.8,39.0,0.6902564102564103,116.0
157445,21,5634.24,89.28571428571429,0.8571428571428571,26.0,0.7696153846153847,84.0
157446,80,19092.01,71.8,0.625,86.0,0.4883720930232558,260.0
158145,24,2880.35,95.83333333333333,0.9583333333333334,25.0,0.58,70.0
158379,9,1533.67,37.77777777777778,0.1111111111111111,17.0,0.6764705882352942,51.0
158415,1,154.14,30.0,0.0,4.0,1.0,9.0
158577,1,308.88,100.0,1.0,6.0,0.6666666666666666,18.0
158963,75,19765.25,89.93333333333334,0.84,87.0,0.3370114942528736,276.0
159183,28,4309.39,51.464285714285715,0.42857142857142855,18.0,0.6388888888888888,54.0
159534,16,1165.55,72.0,0.6875,22.0,0.8636363636363636,64.0
159700,3,921.92,58.333333333333336,0.3333333333333333,8.0,0.6875,24.0
160128,26,4546.96,90.26923076923077,0.8461538461538461,45.0,0.6777777777777778,119.0
160271,2,494.83,57.5,0.5,17.0,0.9117647058823529,51.0
160887,12,2589.73,100.0,1.0,29.0,0.7413793103448276,74.0
161034,1,470.84,100.0,1.0,13.0,0.8846153846153846,39.0
161090,6,2030.8300000000002,52.166666666666664,0.3333333333333333,4.0,0.875,13.0
161456,4,3086.0,91.0,0.75,5.0,0.6,15.0
161769,8,2307.35,86.5,0.625,7.0,0.9,47.0
161820,8,2793.94,64.375,0.375,4.0,0.9175,14.0
161922,29,7449.15,72.03448275862068,0.6206896551724138,19.0,0.6052631578947368,57.0
163043,75,24395.6,90.96,0.8666666666666667,181.0,0.6156345177664975,640.0
163044,49,15840.51,95.85714285714286,0.8979591836734694,162.0,0.6574719101123595,546.0
163178,27,2593.45,80.18518518518519,0.7407407407407407,44.0,0.4431818181818182,123.0
163215,10,2741.4300000000003,54.6,0.3,8.0,0.73375,40.0
163358,1,593.87,95.0,1.0,8.0,0.72125,63.0
163459,24,7468.43,89.04166666666667,0.8333333333333334,56.0,0.8839285714285714,137.0
163568,28,2520.99,73.92857142857143,0.7142857142857143,43.0,0.7230232558139534,136.0
163685,26,9620.74,92.15384615384616,0.8461538461538461,42.0,0.6428571428571429,126.0
163745,1,417.75,100.0,1.0,8.0,0.86625,63.0
163770,59,22804.41,94.89830508474576,0.9322033898305084,161.0,0.660635838150289,545.0
164405,4,435.39,49.25,0.5,7.0,0.5714285714285714,22.0
164822,14,1598.02,70.28571428571429,0.5,35.0,0.45714285714285713,94.0
165440,15,3348.48,60.06666666666667,0.4666666666666667,24.0,0.7570833333333334,74.0
165797,29,5010.63,58.93103448275862,0.3103448275862069,8.0,0.4375,24.0
165988,6,2326.2000000000003,56.666666666666664,0.5,7.0,0.7142857142857143,21.0
166084,9,2095.44,39.333333333333336,0.3333333333333333,2.0,0.935,19.0
166267,15,4932.2,86.4,0.7333333333333333,33.0,0.6363636363636364,99.0
166619,18,6343.08,84.77777777777777,0.8333333333333334,42.0,0.5476190476190477,126.0
166722,21,4015.56,84.9047619047619,0.8095238095238095,28.0,0.5714285714285714,80.0
166838,2,470.84,79.0,0.5,15.0,0.8333333333333334,45.0
167385,1,52.97000000000003,100.0,1.0,21.0,0.6271428571428571,65.0
168180,2,354.18,29.0,0.0,8.0,0.8125,24.0
168270,5,1230.37,52.0,0.2,6.0,0.5783333333333333,31.0
168295,46,5284.26,90.08695652173913,0.8478260869565217,59.0,0.7994915254237288,174.0
168734,64,19918.9,75.953125,0.671875,100.0,0.8434,306.0
168858,33,9811.69,81.60606060606061,0.696969696969697,58.0,0.7470689655172413,176.0
168860,11,1888.66,100.0,1.0,42.0,0.6547619047619048,108.0
168990,4,1567.2299999999998,56.25,0.5,4.0,0.75,12.0
169212,12,2392.5299999999997,100.0,1.0,29.0,0.6551724137931034,80.0
169427,19,4527.72,56.31578947368421,0.47368421052631576,15.0,0.7333333333333333,45.0
169460,1,7.66,3.0,0.0,9.0,0.5,27.0
169729,7,1919.31,59.57142857142857,0.42857142857142855,6.0,0.9883333333333333,44.0
170127,7,2877.96,67.57142857142857,0.42857142857142855,8.0,0.5625,26.0
170251,13,3111.67,70.38461538461539,0.46153846153846156,56.0,0.6339285714285714,168.0
170252,29,6547.71,64.51724137931035,0.5172413793103449,88.0,0.6477272727272727,264.0
170521,70,6695.7,76.78571428571429,0.7142857142857143,59.0,0.2683050847457627,201.0
171138,20,1739.57,90.45,0.9,22.0,0.6363636363636364,64.0
171492,11,310.48,4.363636363636363,0.0,6.0,0.8166666666666668,31.0
171500,45,8512.03,66.55555555555556,0.4444444444444444,24.0,0.8125,72.0
172075,7,1057.32,48.0,0.2857142857142857,5.0,0.7,15.0
172302,5,461.59000000000003,100.0,1.0,11.0,0.729090909090909,45.0
172437,16,2589.7,75.0625,0.75,25.0,0.7,70.0
173201,9,2374.87,67.33333333333333,0.5555555555555556,43.0,0.7697674418604652,168.0
173569,43,8307.66,61.651162790697676,0.46511627906976744,59.0,0.4857627118644068,179.0
173886,28,8345.36,73.35714285714286,0.7142857142857143,68.0,0.6544117647058824,204.0
174093,8,2091.87,68.375,0.5,7.0,0.7999999999999999,47.0
174265,9,1702.23,43.888888888888886,0.2222222222222222,23.0,0.5869565217391305,69.0
174615,14,4959.45,75.5,0.7142857142857143,16.0,0.875,48.0
175537,6,2665.1,100.0,1.0,11.0,0.9545454545454546,34.0
175928,62,16908.53,83.45161290322581,0.7580645161290323,103.0,0.6213592233009708,310.0
176242,21,2412.08,95.33333333333333,0.9523809523809523,42.0,0.7916666666666666,134.0
177316,9,2174.14,63.333333333333336,0.3333333333333333,11.0,0.7000000000000001,59.0
177515,2,267.61,23.0,0.0,25.0,0.5268,76.0
177525,33,4997.97,48.06060606060606,0.30303030303030304,58.0,0.49431034482758623,177.0
178193,5,770.8100000000001,33.6,0.2,14.0,0.6071428571428571,42.0
178220,1,254.96999999999997,62.0,0.0,6.0,0.7666666666666666,31.0
178944,25,3694.37,74.04,0.64,63.0,0.6428571428571429,176.0
178949,45,7385.71,81.2,0.7777777777777778,89.0,0.651685393258427,245.0
179001,8,1519.25,49.0,0.375,27.0,0.9259259259259259,83.0
179147,73,18749.44,75.73972602739725,0.6027397260273972,110.0,0.7257272727272727,337.0
179990,3,294.87,72.33333333333333,0.6666666666666666,4.0,0.625,12.0
180580,22,1720.1100000000001,86.13636363636364,0.8181818181818182,24.0,0.7708333333333334,69.0
181745,14,4232.94,77.0,0.7142857142857143,54.0,0.6281481481481482,165.0
181807,6,547.04,44.333333333333336,0.16666666666666666,39.0,0.7751282051282051,143.0
181832,29,5353.82,91.3103448275862,0.896551724137931,39.0,0.6923076923076923,103.0
182360,7,3185.73,91.71428571428571,0.8571428571428571,15.0,0.8333333333333334,46.0
182556,2,147.51000000000002,17.5,0.0,5.0,0.736,31.0
182654,4,1641.48,77.5,0.75,6.0,0.9166666666666666,18.0
182655,7,1759.56,51.142857142857146,0.2857142857142857,8.0,0.8125,23.0
183030,3,277.18,14.0,0.0,5.0,0.9,15.0
183327,3,460.06,36.0,0.0,10.0,0.876,53.0
183411,7,947.38,34.714285714285715,0.14285714285714285,2.0,1.0,6.0
183428,26,1927.24,83.96153846153847,0.7692307692307693,26.0,0.8653846153846154,76.0
183719,2,243.75,37.5,0.0,14.0,0.8571428571428571,32.0
184334,37,7516.74,69.13513513513513,0.4864864864864865,45.0,0.5444444444444444,137.0
184534,117,25163.48,70.51282051282051,0.5555555555555556,104.0,0.4423076923076923,313.0
185056,1,120.0,29.0,0.0,11.0,0.9318181818181818,44.0
185927,27,3027.28,87.96296296296296,0.8518518518518519,32.0,0.578125,91.0
186311,16,5297.11,95.8125,0.9375,19.0,0.8857894736842105,60.0
187468,1,264.59000000000003,100.0,1.0,13.0,1.0,39.0
187907,20,3453.83,88.15,0.8,25.0,0.72,69.0
188185,14,4589.2699999999995,86.92857142857143,0.7857142857142857,36.0,0.6597222222222222,109.0
188461,8,2657.36,74.375,0.375,14.0,0.5928571428571429,85.0
188844,9,3857.02,78.44444444444444,0.7777777777777778,8.0,0.875,24.0
189165,2,529.0799999999999,64.5,0.5,32.0,0.875,97.0
189648,1,889.53,100.0,1.0,4.0,0.75,12.0
190513,2,276.65999999999997,30.5,0.0,11.0,0.8572727272727273,43.0
190715,30,9773.06,84.56666666666666,0.8333333333333334,83.0,0.7771084337349398,249.0
190773,1,417.75,100.0,1.0,6.0,0.8933333333333334,44.0
190845,9,488.37,12.333333333333334,0.0,6.0,0.9,27.0
190976,1,0.03,0.0,0.0,20.0,0.8,60.0
191137,1,18.32,3.0,0.0,15.0,0.7666666666666667,46.0
192132,8,3817.93,95.25,0.875,13.0,0.8461538461538461,38.0
192185,1,96.95,60.0,0.0,5.0,0.43200000000000005,67.0
192325,2,399.71,66.0,0.5,1.0,0.73,16.0
193153,19,2328.58,100.0,1.0,30.0,0.825,94.0
193173,29,7091.31,55.206896551724135,0.3448275862068966,4.0,1.0,12.0
193323,21,4668.5,75.85714285714286,0.5238095238095238,61.0,0.7540983606557377,183.0
193442,1,108.5,26.0,0.0,9.0,0.8333333333333334,21.0
193700,21,5206.21,70.85714285714286,0.5714285714285714,50.0,0.72,150.0
193991,44,14609.75,83.4090909090909,0.75,100.0,0.5967,307.0
194132,1,0.0,0.0,0.0,5.0,0.7,28.0
195578,18,5798.34,87.55555555555556,0.7222222222222222,52.0,0.6923076923076923,156.0
195834,10,3122.67,45.3,0.0,3.0,0.9333333333333332,23.0
195877,5,289.1,65.8,0.6,6.0,0.7783333333333333,16.0
196094,3,45.16,3.3333333333333335,0.0,6.0,0.75,18.0
196174,10,1223.72,83.9,0.6,22.0,0.8181818181818182,64.0
196175,15,3845.08,78.46666666666667,0.6666666666666666,43.0,0.5348837209302325,123.0
196415,35,8678.29,74.54285714285714,0.6571428571428571,71.0,0.4553521126760563,215.0
196605,17,4164.4,56.705882352941174,0.4117647058823529,16.0,0.676875,45.0
196910,9,2322.52,65.33333333333333,0.5555555555555556,13.0,0.9023076923076924,65.0
197471,50,8430.4,90.96,0.88,69.0,0.45768115942028986,218.0
198239,1,156.27,25.0,0.0,7.0,0.6042857142857143,34.0
198764,35,7881.96,67.68571428571428,0.4857142857142857,15.0,0.8333333333333334,45.0
198783,20,1553.54,85.1,0.85,26.0,0.8269230769230769,75.0
199186,1,603.62,100.0,1.0,25.0,0.88,78.0
199792,15,9193.5,80.0,0.8,4.0,0.875,12.0
199969,14,913.52,73.14285714285714,0.6428571428571429,7.0,0.45285714285714285,29.0
200573,1,510.94,100.0,1.0,30.0,0.95,62.0
201686,9,1888.85,53.0,0.4444444444444444,40.0,0.525,117.0
202041,4,1385.71,100.0,1.0,39.0,0.6538461538461539,112.0
202055,12,1833.62,41.833333333333336,0.25,6.0,0.9883333333333333,44.0
202379,3,695.66,70.33333333333333,0.6666666666666666,38.0,0.9342105263157895,110.0
202387,5,2312.6,97.2,0.8,7.0,0.7285714285714285,47.0
202750,10,2246.2,75.7,0.6,59.0,0.6101694915254238,170.0
202765,18,3303.7,61.05555555555556,0.4444444444444444,2.0,0.75,6.0
203126,5,2151.9,75.6,0.6,5.0,0.974,28.0
203951,34,7183.84,59.35294117647059,0.47058823529411764,51.0,0.4019607843137255,153.0
203985,8,2382.58,75.125,0.5,27.0,0.7407407407407407,81.0
204030,59,19750.58,93.32203389830508,0.8813559322033898,141.0,0.7294594594594594,486.0
204280,4,646.0,69.25,0.5,14.0,0.7857142857142857,42.0
204468,1,419.45,100.0,1.0,60.0,0.9083333333333333,129.0
204574,60,19139.57,72.56666666666666,0.6166666666666667,98.0,0.6206122448979592,301.0
204647,74,13711.95,82.1891891891892,0.7567567567567568,77.0,0.25753246753246756,247.0
204967,1,2.35,1.0,0.0,0.0,,0.0
205735,64,17888.09,68.3125,0.5625,63.0,0.753968253968254,195.0
206025,24,2898.63,95.875,0.9583333333333334,30.0,0.5833333333333334,85.0
206102,34,2412.89,71.02941176470588,0.7058823529411765,22.0,0.644090909090909,84.0
207008,2,399.71000000000004,58.0,0.5,4.0,0.9375,25.0
207259,2,566.25,100.0,1.0,13.0,0.6661538461538462,43.0
207477,18,2894.66,63.611111111111114,0.5,28.0,0.5357142857142857,79.0
207496,27,3008.7,93.77777777777777,0.8888888888888888,28.0,0.3392857142857143,79.0
208199,8,2312.6,53.25,0.5,14.0,0.8907142857142858,68.0
208743,6,1968.17,66.0,0.3333333333333333,19.0,0.5526315789473685,57.0
208800,28,6896.1,69.92857142857143,0.5357142857142857,65.0,0.7743076923076923,198.0
208801,32,6199.71,63.78125,0.4375,73.0,0.4041095890410959,224.0
208853,3,661.16,73.33333333333333,0.3333333333333333,6.0,0.6633333333333333,33.0
209762,2,566.25,100.0,1.0,9.0,0.8888888888888888,29.0
210406,5,2299.1,62.0,0.4,6.0,0.6716666666666667,58.0
210566,56,9714.67,57.732142857142854,0.39285714285714285,53.0,0.6730188679245284,163.0
211454,62,11989.4,65.1774193548387,0.4838709677419355,13.0,0.9230769230769231,39.0
211502,3,1279.7,41.333333333333336,0.3333333333333333,8.0,0.50375,51.0
211860,7,1815.48,48.285714285714285,0.42857142857142855,15.0,0.4686666666666667,63.0
211996,4,1898.0,79.5,0.5,42.0,0.6588095238095238,128.0
212221,66,16519.39,83.04545454545455,0.7272727272727273,89.0,0.5,268.0
213395,9,4270.75,100.0,1.0,36.0,0.6944444444444444,108.0
213426,1,57.36,9.0,0.0,48.0,0.6979166666666666,144.0
213427,1,283.24,100.0,1.0,9.0,0.6966666666666667,53.0
214116,9,3745.13,100.0,1.0,32.0,0.53125,99.0
214551,53,7999.35,59.283018867924525,0.41509433962264153,73.0,0.6506849315068494,221.0
214688,7,2312.6,71.42857142857143,0.5714285714285714,6.0,0.9116666666666666,44.0
214941,25,4395.8,87.36,0.84,30.0,0.8833333333333333,79.0
215070,7,2170.48,84.28571428571429,0.5714285714285714,7.0,0.89,60.0
215279,2,598.16,64.5,0.5,8.0,0.6875,24.0
