user_sn,organization_id,grade,class,chinese_score,math_score,english_score
196415,45de0882695f63e80a6eae7a458c07e0,6,1,76.0,20.0,60.0
79710,939ae818f4b5d68839a3d31094ce2161,6,3,64.0,20.0,48.0
114140,939ae818f4b5d68839a3d31094ce2161,6,3,32.0,12.0,72.0
183030,a33b19587071c7e1c11a159fb2d066f2,3,1,52.0,20.0,30.0
35366,a33b19587071c7e1c11a159fb2d066f2,6,3,76.0,20.0,48.0
163459,00b9bd6a16619dae899a8c9edef97a0a,8,1,44.0,16.0,16.0
165611,28352b6960b484ed875710a5d01d2ed0,7,1,24.0,16.0,20.0
179007,28352b6960b484ed875710a5d01d2ed0,7,2,48.0,16.0,32.0
171745,939ae818f4b5d68839a3d31094ce2161,6,3,72.0,16.0,80.0
198239,a33b19587071c7e1c11a159fb2d066f2,6,1,68.0,16.0,92.0
47469,a33b19587071c7e1c11a159fb2d066f2,4,1,64.0,16.0,60.0
108008,defbc6951b7c7d6c1f856b319eb6b77d,6,1,88.0,16.0,52.0
29941,00b9bd6a16619dae899a8c9edef97a0a,7,3,40.0,24.0,36.0
159799,00b9bd6a16619dae899a8c9edef97a0a,7,2,64.0,24.0,32.0
40080,00b9bd6a16619dae899a8c9edef97a0a,7,2,28.0,24.0,32.0
31428,28352b6960b484ed875710a5d01d2ed0,7,5,80.0,24.0,40.0
213183,28352b6960b484ed875710a5d01d2ed0,8,5,96.0,24.0,68.0
152817,a33b19587071c7e1c11a159fb2d066f2,6,2,84.0,24.0,64.0
12337,a33b19587071c7e1c11a159fb2d066f2,4,1,48.0,24.0,40.0
7431,a33b19587071c7e1c11a159fb2d066f2,6,1,64.0,24.0,72.0
65847,a33b19587071c7e1c11a159fb2d066f2,3,1,12.0,24.0,62.0
183240,a33b19587071c7e1c11a159fb2d066f2,6,3,80.0,24.0,84.0
27350,00b9bd6a16619dae899a8c9edef97a0a,7,1,28.0,28.0,52.0
145697,28352b6960b484ed875710a5d01d2ed0,7,4,88.0,28.0,12.0
75873,28352b6960b484ed875710a5d01d2ed0,7,5,84.0,28.0,52.0
16941,28352b6960b484ed875710a5d01d2ed0,7,4,68.0,28.0,36.0
148566,28352b6960b484ed875710a5d01d2ed0,7,2,68.0,28.0,28.0
186534,28352b6960b484ed875710a5d01d2ed0,8,5,24.0,28.0,28.0
54907,5849f953d93f4e1256de7102936614d6,6,4,32.0,28.0,32.0
183250,5849f953d93f4e1256de7102936614d6,6,4,40.0,28.0,40.0
167385,5849f953d93f4e1256de7102936614d6,6,4,52.0,28.0,56.0
177515,5849f953d93f4e1256de7102936614d6,6,4,80.0,28.0,84.0
85628,939ae818f4b5d68839a3d31094ce2161,6,3,56.0,28.0,36.0
60302,939ae818f4b5d68839a3d31094ce2161,6,3,88.0,28.0,56.0
12105,a33b19587071c7e1c11a159fb2d066f2,6,2,44.0,28.0,56.0
90887,a33b19587071c7e1c11a159fb2d066f2,5,1,72.0,28.0,64.0
40647,a33b19587071c7e1c11a159fb2d066f2,5,1,44.0,28.0,40.0
25894,00b9bd6a16619dae899a8c9edef97a0a,7,1,48.0,32.0,24.0
156986,00b9bd6a16619dae899a8c9edef97a0a,8,1,68.0,32.0,80.0
33242,28352b6960b484ed875710a5d01d2ed0,7,1,56.0,32.0,68.0
174714,28352b6960b484ed875710a5d01d2ed0,7,3,56.0,32.0,48.0
70402,28352b6960b484ed875710a5d01d2ed0,8,5,92.0,32.0,52.0
48060,28352b6960b484ed875710a5d01d2ed0,7,1,96.0,32.0,28.0
175098,28352b6960b484ed875710a5d01d2ed0,7,1,40.0,32.0,28.0
24804,28352b6960b484ed875710a5d01d2ed0,8,5,96.0,32.0,44.0
92860,28352b6960b484ed875710a5d01d2ed0,7,4,84.0,32.0,76.0
149150,8d55dd86536e9fcbe31038060f5bcfb8,5,2,96.0,32.0,36.0
8731,a33b19587071c7e1c11a159fb2d066f2,4,1,72.0,32.0,80.0
19362,a33b19587071c7e1c11a159fb2d066f2,3,2,28.0,32.0,64.0
177316,a33b19587071c7e1c11a159fb2d066f2,3,2,48.0,32.0,38.0
119783,00b9bd6a16619dae899a8c9edef97a0a,8,1,20.0,36.0,12.0
8220,00b9bd6a16619dae899a8c9edef97a0a,7,2,72.0,36.0,28.0
72914,00b9bd6a16619dae899a8c9edef97a0a,7,2,40.0,36.0,48.0
33991,28352b6960b484ed875710a5d01d2ed0,7,5,72.0,36.0,68.0
197965,28352b6960b484ed875710a5d01d2ed0,7,5,72.0,36.0,44.0
123106,28352b6960b484ed875710a5d01d2ed0,8,5,92.0,36.0,96.0
96146,28352b6960b484ed875710a5d01d2ed0,7,3,52.0,36.0,40.0
194994,28352b6960b484ed875710a5d01d2ed0,8,5,20.0,36.0,32.0
114121,5849f953d93f4e1256de7102936614d6,6,4,76.0,36.0,80.0
129095,6d53097cd54b20364cc8a14357e4318c,5,1,68.0,36.0,60.0
46520,a33b19587071c7e1c11a159fb2d066f2,6,2,48.0,36.0,84.0
169460,a33b19587071c7e1c11a159fb2d066f2,5,1,60.0,36.0,40.0
195834,a33b19587071c7e1c11a159fb2d066f2,4,3,68.0,36.0,80.0
137425,a33b19587071c7e1c11a159fb2d066f2,6,1,80.0,36.0,84.0
22546,a33b19587071c7e1c11a159fb2d066f2,6,1,60.0,36.0,36.0
70277,a33b19587071c7e1c11a159fb2d066f2,6,2,72.0,36.0,92.0
164633,a33b19587071c7e1c11a159fb2d066f2,3,1,60.0,36.0,81.0
7800,defbc6951b7c7d6c1f856b319eb6b77d,6,1,76.0,36.0,68.0
39654,defbc6951b7c7d6c1f856b319eb6b77d,6,1,92.0,36.0,52.0
140499,defbc6951b7c7d6c1f856b319eb6b77d,6,1,76.0,36.0,92.0
95354,defbc6951b7c7d6c1f856b319eb6b77d,6,1,84.0,36.0,96.0
65991,defbc6951b7c7d6c1f856b319eb6b77d,5,1,40.0,36.0,52.0
204438,00b9bd6a16619dae899a8c9edef97a0a,7,1,28.0,40.0,28.0
146438,00b9bd6a16619dae899a8c9edef97a0a,7,2,40.0,40.0,40.0
190513,00b9bd6a16619dae899a8c9edef97a0a,7,3,68.0,40.0,36.0
13347,00b9bd6a16619dae899a8c9edef97a0a,7,3,48.0,40.0,52.0
72198,00b9bd6a16619dae899a8c9edef97a0a,7,1,64.0,40.0,36.0
144568,00b9bd6a16619dae899a8c9edef97a0a,7,1,80.0,40.0,32.0
175777,00b9bd6a16619dae899a8c9edef97a0a,7,2,48.0,40.0,44.0
71457,28352b6960b484ed875710a5d01d2ed0,7,4,32.0,40.0,56.0
175781,28352b6960b484ed875710a5d01d2ed0,7,2,64.0,40.0,68.0
55699,28352b6960b484ed875710a5d01d2ed0,7,1,68.0,40.0,36.0
3538,28352b6960b484ed875710a5d01d2ed0,7,2,68.0,40.0,32.0
84534,28352b6960b484ed875710a5d01d2ed0,7,4,88.0,40.0,24.0
80119,28352b6960b484ed875710a5d01d2ed0,7,2,92.0,40.0,44.0
57423,45de0882695f63e80a6eae7a458c07e0,6,1,64.0,40.0,60.0
51065,45de0882695f63e80a6eae7a458c07e0,4,2,84.0,40.0,68.0
210948,5849f953d93f4e1256de7102936614d6,6,4,72.0,40.0,84.0
64943,6d53097cd54b20364cc8a14357e4318c,6,2,88.0,40.0,88.0
73198,6d53097cd54b20364cc8a14357e4318c,6,4,56.0,40.0,72.0
101655,8d55dd86536e9fcbe31038060f5bcfb8,3,3,44.0,40.0,63.0
182654,a33b19587071c7e1c11a159fb2d066f2,3,3,48.0,40.0,70.0
122614,a33b19587071c7e1c11a159fb2d066f2,6,1,64.0,40.0,100.0
112714,a33b19587071c7e1c11a159fb2d066f2,6,1,68.0,40.0,60.0
163745,a33b19587071c7e1c11a159fb2d066f2,6,1,84.0,40.0,60.0
188461,a33b19587071c7e1c11a159fb2d066f2,4,2,72.0,40.0,64.0
2430,defbc6951b7c7d6c1f856b319eb6b77d,6,1,84.0,40.0,100.0
120817,defbc6951b7c7d6c1f856b319eb6b77d,6,1,84.0,40.0,96.0
190845,00b9bd6a16619dae899a8c9edef97a0a,7,3,56.0,44.0,36.0
134309,00b9bd6a16619dae899a8c9edef97a0a,7,2,40.0,44.0,48.0
37949,28352b6960b484ed875710a5d01d2ed0,7,4,52.0,44.0,36.0
25539,28352b6960b484ed875710a5d01d2ed0,7,2,80.0,44.0,84.0
37981,28352b6960b484ed875710a5d01d2ed0,8,5,84.0,44.0,68.0
125317,28352b6960b484ed875710a5d01d2ed0,7,4,60.0,44.0,52.0
1780,28352b6960b484ed875710a5d01d2ed0,8,5,72.0,44.0,80.0
10559,6d53097cd54b20364cc8a14357e4318c,4,2,88.0,44.0,92.0
97043,6d53097cd54b20364cc8a14357e4318c,5,1,92.0,44.0,92.0
42988,939ae818f4b5d68839a3d31094ce2161,6,3,72.0,44.0,52.0
168502,939ae818f4b5d68839a3d31094ce2161,6,3,88.0,44.0,96.0
34198,a33b19587071c7e1c11a159fb2d066f2,5,1,72.0,44.0,60.0
178922,a33b19587071c7e1c11a159fb2d066f2,6,3,84.0,44.0,88.0
213427,a33b19587071c7e1c11a159fb2d066f2,6,1,96.0,44.0,80.0
56903,a33b19587071c7e1c11a159fb2d066f2,4,3,72.0,44.0,52.0
36646,a33b19587071c7e1c11a159fb2d066f2,4,3,84.0,44.0,72.0
168270,a33b19587071c7e1c11a159fb2d066f2,3,3,28.0,44.0,88.0
24695,a33b19587071c7e1c11a159fb2d066f2,6,3,92.0,44.0,56.0
44872,00b9bd6a16619dae899a8c9edef97a0a,8,1,80.0,48.0,24.0
3181,00b9bd6a16619dae899a8c9edef97a0a,7,1,48.0,48.0,68.0
159469,00b9bd6a16619dae899a8c9edef97a0a,8,1,72.0,48.0,24.0
152656,152a3ced5f0f3bf33a982d071fe5e9d2,3,5,48.0,48.0,60.0
101189,28352b6960b484ed875710a5d01d2ed0,7,3,64.0,48.0,40.0
159846,28352b6960b484ed875710a5d01d2ed0,8,5,96.0,48.0,72.0
176862,28352b6960b484ed875710a5d01d2ed0,7,1,84.0,48.0,76.0
142030,28352b6960b484ed875710a5d01d2ed0,7,3,72.0,48.0,40.0
215409,28352b6960b484ed875710a5d01d2ed0,8,5,88.0,48.0,100.0
192735,28352b6960b484ed875710a5d01d2ed0,8,5,80.0,48.0,44.0
2522,28352b6960b484ed875710a5d01d2ed0,8,5,80.0,48.0,64.0
144208,28352b6960b484ed875710a5d01d2ed0,7,1,72.0,48.0,72.0
98306,28352b6960b484ed875710a5d01d2ed0,7,2,84.0,48.0,32.0
177525,45de0882695f63e80a6eae7a458c07e0,6,1,56.0,48.0,64.0
144153,45de0882695f63e80a6eae7a458c07e0,6,1,68.0,48.0,52.0
46828,45de0882695f63e80a6eae7a458c07e0,5,2,84.0,48.0,24.0
49703,6d53097cd54b20364cc8a14357e4318c,6,3,64.0,48.0,56.0
170251,6d53097cd54b20364cc8a14357e4318c,6,3,76.0,48.0,96.0
94786,6d53097cd54b20364cc8a14357e4318c,4,3,92.0,48.0,92.0
170252,6d53097cd54b20364cc8a14357e4318c,6,1,96.0,48.0,80.0
208743,6d53097cd54b20364cc8a14357e4318c,6,4,76.0,48.0,56.0
94398,6d53097cd54b20364cc8a14357e4318c,4,4,96.0,48.0,84.0
139626,8d55dd86536e9fcbe31038060f5bcfb8,5,3,92.0,48.0,68.0
143305,8d55dd86536e9fcbe31038060f5bcfb8,5,2,84.0,48.0,92.0
114355,8d55dd86536e9fcbe31038060f5bcfb8,4,3,92.0,48.0,96.0
15647,8d55dd86536e9fcbe31038060f5bcfb8,4,3,92.0,48.0,88.0
100114,939ae818f4b5d68839a3d31094ce2161,6,3,72.0,48.0,48.0
57990,a33b19587071c7e1c11a159fb2d066f2,4,3,80.0,48.0,44.0
147457,a33b19587071c7e1c11a159fb2d066f2,6,3,48.0,48.0,76.0
92622,a33b19587071c7e1c11a159fb2d066f2,4,1,88.0,48.0,72.0
139690,a33b19587071c7e1c11a159fb2d066f2,6,1,60.0,48.0,76.0
44211,a33b19587071c7e1c11a159fb2d066f2,3,2,52.0,48.0,56.0
98618,a33b19587071c7e1c11a159fb2d066f2,6,2,52.0,48.0,96.0
179990,a33b19587071c7e1c11a159fb2d066f2,6,3,52.0,48.0,72.0
62657,a33b19587071c7e1c11a159fb2d066f2,3,1,68.0,48.0,55.0
114715,defbc6951b7c7d6c1f856b319eb6b77d,4,1,68.0,48.0,76.0
13728,00b9bd6a16619dae899a8c9edef97a0a,7,2,92.0,52.0,24.0
208853,00b9bd6a16619dae899a8c9edef97a0a,7,3,64.0,52.0,56.0
137890,00b9bd6a16619dae899a8c9edef97a0a,7,1,72.0,52.0,32.0
141285,00b9bd6a16619dae899a8c9edef97a0a,7,3,84.0,52.0,68.0
5328,00b9bd6a16619dae899a8c9edef97a0a,7,3,92.0,52.0,76.0
86762,00b9bd6a16619dae899a8c9edef97a0a,7,3,60.0,52.0,40.0
63649,00b9bd6a16619dae899a8c9edef97a0a,7,3,96.0,52.0,48.0
193442,00b9bd6a16619dae899a8c9edef97a0a,7,3,80.0,52.0,72.0
3530,00b9bd6a16619dae899a8c9edef97a0a,7,2,72.0,52.0,56.0
124950,28352b6960b484ed875710a5d01d2ed0,7,5,64.0,52.0,32.0
196094,28352b6960b484ed875710a5d01d2ed0,7,3,76.0,52.0,36.0
77646,28352b6960b484ed875710a5d01d2ed0,7,5,88.0,52.0,76.0
151827,28352b6960b484ed875710a5d01d2ed0,7,2,68.0,52.0,68.0
74758,28352b6960b484ed875710a5d01d2ed0,7,4,36.0,52.0,32.0
37944,28352b6960b484ed875710a5d01d2ed0,7,3,92.0,52.0,72.0
125682,28352b6960b484ed875710a5d01d2ed0,7,5,84.0,52.0,68.0
153821,45de0882695f63e80a6eae7a458c07e0,5,2,80.0,52.0,96.0
214551,45de0882695f63e80a6eae7a458c07e0,6,1,60.0,52.0,52.0
132821,5849f953d93f4e1256de7102936614d6,6,4,96.0,52.0,96.0
122987,5849f953d93f4e1256de7102936614d6,6,4,76.0,52.0,100.0
159700,6d53097cd54b20364cc8a14357e4318c,6,4,92.0,52.0,100.0
148437,8d55dd86536e9fcbe31038060f5bcfb8,5,2,84.0,52.0,44.0
158963,8d55dd86536e9fcbe31038060f5bcfb8,5,2,88.0,52.0,44.0
118339,8d55dd86536e9fcbe31038060f5bcfb8,3,3,36.0,52.0,53.0
17087,a33b19587071c7e1c11a159fb2d066f2,4,1,68.0,52.0,68.0
178220,a33b19587071c7e1c11a159fb2d066f2,6,2,72.0,52.0,100.0
77543,a33b19587071c7e1c11a159fb2d066f2,6,1,72.0,52.0,96.0
51729,a33b19587071c7e1c11a159fb2d066f2,3,2,60.0,52.0,26.0
113231,a33b19587071c7e1c11a159fb2d066f2,3,1,80.0,52.0,33.0
35606,a33b19587071c7e1c11a159fb2d066f2,4,3,92.0,52.0,80.0
59410,a33b19587071c7e1c11a159fb2d066f2,4,2,88.0,52.0,80.0
60474,a33b19587071c7e1c11a159fb2d066f2,4,3,92.0,52.0,72.0
114851,defbc6951b7c7d6c1f856b319eb6b77d,6,1,84.0,52.0,84.0
204030,defbc6951b7c7d6c1f856b319eb6b77d,6,1,96.0,52.0,80.0
151449,00b9bd6a16619dae899a8c9edef97a0a,7,1,72.0,56.0,48.0
127502,00b9bd6a16619dae899a8c9edef97a0a,7,3,92.0,56.0,96.0
212421,00b9bd6a16619dae899a8c9edef97a0a,7,1,72.0,56.0,80.0
183719,00b9bd6a16619dae899a8c9edef97a0a,8,1,76.0,56.0,56.0
212423,00b9bd6a16619dae899a8c9edef97a0a,7,2,80.0,56.0,44.0
113538,00b9bd6a16619dae899a8c9edef97a0a,8,1,88.0,56.0,52.0
139404,28352b6960b484ed875710a5d01d2ed0,7,5,40.0,56.0,44.0
39352,28352b6960b484ed875710a5d01d2ed0,7,5,84.0,56.0,76.0
79094,28352b6960b484ed875710a5d01d2ed0,8,5,100.0,56.0,44.0
10768,28352b6960b484ed875710a5d01d2ed0,7,5,88.0,56.0,80.0
113713,45de0882695f63e80a6eae7a458c07e0,5,2,76.0,56.0,100.0
123768,45de0882695f63e80a6eae7a458c07e0,6,1,92.0,56.0,92.0
105814,45de0882695f63e80a6eae7a458c07e0,6,1,80.0,56.0,36.0
4563,45de0882695f63e80a6eae7a458c07e0,6,1,88.0,56.0,84.0
150299,45de0882695f63e80a6eae7a458c07e0,6,1,96.0,56.0,100.0
166267,6d53097cd54b20364cc8a14357e4318c,6,2,84.0,56.0,72.0
203985,6d53097cd54b20364cc8a14357e4318c,6,1,100.0,56.0,92.0
193588,6d53097cd54b20364cc8a14357e4318c,4,2,92.0,56.0,84.0
144475,6d53097cd54b20364cc8a14357e4318c,6,4,76.0,56.0,80.0
32278,8d55dd86536e9fcbe31038060f5bcfb8,3,2,36.0,56.0,55.0
178949,8d55dd86536e9fcbe31038060f5bcfb8,6,3,84.0,56.0,88.0
15086,939ae818f4b5d68839a3d31094ce2161,6,3,76.0,56.0,72.0
176480,939ae818f4b5d68839a3d31094ce2161,6,3,64.0,56.0,92.0
198630,939ae818f4b5d68839a3d31094ce2161,6,3,52.0,56.0,92.0
108503,a33b19587071c7e1c11a159fb2d066f2,3,1,80.0,56.0,62.0
215279,a33b19587071c7e1c11a159fb2d066f2,6,2,64.0,56.0,76.0
171492,a33b19587071c7e1c11a159fb2d066f2,3,1,32.0,56.0,32.0
67423,a33b19587071c7e1c11a159fb2d066f2,6,3,76.0,56.0,84.0
82041,a33b19587071c7e1c11a159fb2d066f2,3,1,68.0,56.0,80.0
163044,defbc6951b7c7d6c1f856b319eb6b77d,6,1,84.0,56.0,80.0
91703,defbc6951b7c7d6c1f856b319eb6b77d,6,1,80.0,56.0,60.0
163043,defbc6951b7c7d6c1f856b319eb6b77d,6,1,84.0,56.0,100.0
158415,00b9bd6a16619dae899a8c9edef97a0a,8,1,96.0,60.0,52.0
139033,00b9bd6a16619dae899a8c9edef97a0a,7,3,72.0,60.0,68.0
128565,00b9bd6a16619dae899a8c9edef97a0a,7,1,80.0,60.0,36.0
82674,00b9bd6a16619dae899a8c9edef97a0a,7,3,56.0,60.0,60.0
24108,00b9bd6a16619dae899a8c9edef97a0a,8,1,76.0,60.0,76.0
176532,28352b6960b484ed875710a5d01d2ed0,7,1,52.0,60.0,44.0
132894,28352b6960b484ed875710a5d01d2ed0,7,5,76.0,60.0,96.0
57839,28352b6960b484ed875710a5d01d2ed0,7,3,80.0,60.0,72.0
150358,28352b6960b484ed875710a5d01d2ed0,7,3,100.0,60.0,88.0
24439,28352b6960b484ed875710a5d01d2ed0,8,5,64.0,60.0,68.0
146444,28352b6960b484ed875710a5d01d2ed0,7,5,80.0,60.0,24.0
134483,45de0882695f63e80a6eae7a458c07e0,4,2,84.0,60.0,84.0
148173,45de0882695f63e80a6eae7a458c07e0,6,1,52.0,60.0,40.0
96411,45de0882695f63e80a6eae7a458c07e0,6,1,68.0,60.0,96.0
584,5849f953d93f4e1256de7102936614d6,6,4,80.0,60.0,100.0
169379,6d53097cd54b20364cc8a14357e4318c,4,2,92.0,60.0,84.0
164822,6d53097cd54b20364cc8a14357e4318c,6,2,52.0,60.0,44.0
42200,6d53097cd54b20364cc8a14357e4318c,6,1,84.0,60.0,88.0
115404,6d53097cd54b20364cc8a14357e4318c,4,2,92.0,60.0,92.0
111589,6d53097cd54b20364cc8a14357e4318c,6,3,96.0,60.0,96.0
196175,6d53097cd54b20364cc8a14357e4318c,3,3,84.0,60.0,90.0
131170,6d53097cd54b20364cc8a14357e4318c,3,1,68.0,60.0,65.0
13977,6d53097cd54b20364cc8a14357e4318c,6,4,88.0,60.0,48.0
57024,6d53097cd54b20364cc8a14357e4318c,6,1,88.0,60.0,92.0
99701,6d53097cd54b20364cc8a14357e4318c,6,4,92.0,60.0,100.0
89026,8d55dd86536e9fcbe31038060f5bcfb8,4,3,92.0,60.0,76.0
197471,8d55dd86536e9fcbe31038060f5bcfb8,5,2,84.0,60.0,48.0
183652,939ae818f4b5d68839a3d31094ce2161,6,3,60.0,60.0,76.0
102732,a33b19587071c7e1c11a159fb2d066f2,4,1,96.0,60.0,76.0
47147,a33b19587071c7e1c11a159fb2d066f2,5,1,76.0,60.0,44.0
40175,a33b19587071c7e1c11a159fb2d066f2,3,2,52.0,60.0,64.0
210406,a33b19587071c7e1c11a159fb2d066f2,4,2,96.0,60.0,40.0
105402,a33b19587071c7e1c11a159fb2d066f2,6,3,88.0,60.0,92.0
163215,a33b19587071c7e1c11a159fb2d066f2,4,3,92.0,60.0,80.0
100756,a33b19587071c7e1c11a159fb2d066f2,6,3,84.0,60.0,96.0
211860,a33b19587071c7e1c11a159fb2d066f2,4,1,68.0,60.0,64.0
42938,a33b19587071c7e1c11a159fb2d066f2,6,2,80.0,60.0,96.0
67448,defbc6951b7c7d6c1f856b319eb6b77d,6,1,100.0,60.0,80.0
44776,defbc6951b7c7d6c1f856b319eb6b77d,6,1,84.0,60.0,68.0
56423,00b9bd6a16619dae899a8c9edef97a0a,7,2,60.0,64.0,28.0
36882,00b9bd6a16619dae899a8c9edef97a0a,7,2,64.0,64.0,72.0
71101,00b9bd6a16619dae899a8c9edef97a0a,7,1,84.0,64.0,76.0
33237,00b9bd6a16619dae899a8c9edef97a0a,7,2,60.0,64.0,44.0
15168,00b9bd6a16619dae899a8c9edef97a0a,8,1,88.0,64.0,84.0
51677,00b9bd6a16619dae899a8c9edef97a0a,8,1,76.0,64.0,68.0
47029,152a3ced5f0f3bf33a982d071fe5e9d2,3,5,60.0,64.0,80.0
21154,28352b6960b484ed875710a5d01d2ed0,7,5,88.0,64.0,56.0
118237,28352b6960b484ed875710a5d01d2ed0,7,5,76.0,64.0,40.0
31427,28352b6960b484ed875710a5d01d2ed0,7,2,72.0,64.0,68.0
22292,28352b6960b484ed875710a5d01d2ed0,7,2,84.0,64.0,84.0
183689,28352b6960b484ed875710a5d01d2ed0,7,5,84.0,64.0,80.0
184334,45de0882695f63e80a6eae7a458c07e0,6,1,88.0,64.0,60.0
210566,45de0882695f63e80a6eae7a458c07e0,6,1,84.0,64.0,80.0
14685,5849f953d93f4e1256de7102936614d6,6,4,84.0,64.0,52.0
157250,5849f953d93f4e1256de7102936614d6,6,4,80.0,64.0,84.0
162854,6d53097cd54b20364cc8a14357e4318c,4,2,92.0,64.0,96.0
213395,6d53097cd54b20364cc8a14357e4318c,6,1,80.0,64.0,64.0
103093,6d53097cd54b20364cc8a14357e4318c,4,4,92.0,64.0,96.0
150977,6d53097cd54b20364cc8a14357e4318c,6,2,84.0,64.0,72.0
174615,6d53097cd54b20364cc8a14357e4318c,6,2,96.0,64.0,72.0
32288,6d53097cd54b20364cc8a14357e4318c,4,2,88.0,64.0,76.0
57733,8d55dd86536e9fcbe31038060f5bcfb8,5,3,88.0,64.0,64.0
25406,8d55dd86536e9fcbe31038060f5bcfb8,5,2,88.0,64.0,92.0
204647,8d55dd86536e9fcbe31038060f5bcfb8,5,2,68.0,64.0,36.0
181745,8d55dd86536e9fcbe31038060f5bcfb8,5,2,76.0,64.0,88.0
178944,8d55dd86536e9fcbe31038060f5bcfb8,6,3,80.0,64.0,72.0
129393,8d55dd86536e9fcbe31038060f5bcfb8,3,1,52.0,64.0,68.0
48508,8d55dd86536e9fcbe31038060f5bcfb8,3,1,64.0,64.0,54.0
114821,a33b19587071c7e1c11a159fb2d066f2,6,3,92.0,64.0,76.0
127789,a33b19587071c7e1c11a159fb2d066f2,6,2,64.0,64.0,100.0
181807,a33b19587071c7e1c11a159fb2d066f2,6,1,92.0,64.0,96.0
85199,a33b19587071c7e1c11a159fb2d066f2,6,1,92.0,64.0,100.0
20332,a33b19587071c7e1c11a159fb2d066f2,6,1,92.0,64.0,64.0
95710,a33b19587071c7e1c11a159fb2d066f2,6,3,96.0,64.0,96.0
113067,a33b19587071c7e1c11a159fb2d066f2,6,3,76.0,64.0,92.0
213426,a33b19587071c7e1c11a159fb2d066f2,6,3,68.0,64.0,48.0
99158,a33b19587071c7e1c11a159fb2d066f2,3,1,84.0,64.0,55.0
36976,a33b19587071c7e1c11a159fb2d066f2,3,1,60.0,64.0,68.0
125809,a33b19587071c7e1c11a159fb2d066f2,4,2,84.0,64.0,84.0
161769,a33b19587071c7e1c11a159fb2d066f2,3,3,96.0,64.0,76.0
192185,defbc6951b7c7d6c1f856b319eb6b77d,5,1,100.0,64.0,88.0
147483,defbc6951b7c7d6c1f856b319eb6b77d,6,1,80.0,64.0,92.0
9271,defbc6951b7c7d6c1f856b319eb6b77d,6,1,68.0,64.0,92.0
79697,defbc6951b7c7d6c1f856b319eb6b77d,6,1,80.0,64.0,80.0
157873,defbc6951b7c7d6c1f856b319eb6b77d,5,1,88.0,64.0,56.0
139944,defbc6951b7c7d6c1f856b319eb6b77d,4,1,72.0,64.0,84.0
187823,defbc6951b7c7d6c1f856b319eb6b77d,5,1,80.0,64.0,92.0
155403,00b9bd6a16619dae899a8c9edef97a0a,7,3,76.0,68.0,92.0
200573,00b9bd6a16619dae899a8c9edef97a0a,8,1,56.0,68.0,64.0
110617,00b9bd6a16619dae899a8c9edef97a0a,7,3,84.0,68.0,80.0
93661,152a3ced5f0f3bf33a982d071fe5e9d2,3,5,56.0,68.0,96.0
160956,28352b6960b484ed875710a5d01d2ed0,7,1,80.0,68.0,80.0
143114,28352b6960b484ed875710a5d01d2ed0,8,5,92.0,68.0,84.0
115669,28352b6960b484ed875710a5d01d2ed0,8,5,96.0,68.0,84.0
146083,28352b6960b484ed875710a5d01d2ed0,7,1,76.0,68.0,48.0
9659,28352b6960b484ed875710a5d01d2ed0,7,3,84.0,68.0,24.0
135431,28352b6960b484ed875710a5d01d2ed0,7,5,92.0,68.0,100.0
44838,28352b6960b484ed875710a5d01d2ed0,7,4,76.0,68.0,20.0
119325,28352b6960b484ed875710a5d01d2ed0,7,5,92.0,68.0,36.0
15386,45de0882695f63e80a6eae7a458c07e0,5,2,92.0,68.0,100.0
165440,45de0882695f63e80a6eae7a458c07e0,4,1,88.0,68.0,72.0
14304,45de0882695f63e80a6eae7a458c07e0,5,1,88.0,68.0,80.0
16883,45de0882695f63e80a6eae7a458c07e0,6,1,84.0,68.0,72.0
81554,5849f953d93f4e1256de7102936614d6,6,4,92.0,68.0,100.0
59388,6d53097cd54b20364cc8a14357e4318c,4,2,100.0,68.0,100.0
562,6d53097cd54b20364cc8a14357e4318c,6,2,96.0,68.0,84.0
104645,6d53097cd54b20364cc8a14357e4318c,6,2,96.0,68.0,96.0
125073,6d53097cd54b20364cc8a14357e4318c,4,2,88.0,68.0,96.0
112964,6d53097cd54b20364cc8a14357e4318c,5,1,88.0,68.0,92.0
48536,6d53097cd54b20364cc8a14357e4318c,4,3,100.0,68.0,100.0
164736,6d53097cd54b20364cc8a14357e4318c,5,1,80.0,68.0,100.0
75581,6d53097cd54b20364cc8a14357e4318c,3,1,96.0,68.0,50.0
170116,6d53097cd54b20364cc8a14357e4318c,4,1,84.0,68.0,88.0
60608,6d53097cd54b20364cc8a14357e4318c,6,1,88.0,68.0,96.0
130134,6d53097cd54b20364cc8a14357e4318c,4,1,80.0,68.0,100.0
101305,6d53097cd54b20364cc8a14357e4318c,4,4,100.0,68.0,44.0
103569,6d53097cd54b20364cc8a14357e4318c,6,2,100.0,68.0,72.0
181832,8d55dd86536e9fcbe31038060f5bcfb8,6,3,88.0,68.0,88.0
53783,8d55dd86536e9fcbe31038060f5bcfb8,6,3,76.0,68.0,100.0
206102,8d55dd86536e9fcbe31038060f5bcfb8,4,3,88.0,68.0,60.0
123765,8d55dd86536e9fcbe31038060f5bcfb8,6,3,92.0,68.0,80.0
7659,8d55dd86536e9fcbe31038060f5bcfb8,4,3,100.0,68.0,80.0
170521,8d55dd86536e9fcbe31038060f5bcfb8,5,3,84.0,68.0,36.0
12870,8d55dd86536e9fcbe31038060f5bcfb8,5,3,100.0,68.0,92.0
186311,8d55dd86536e9fcbe31038060f5bcfb8,4,3,92.0,68.0,88.0
52177,8d55dd86536e9fcbe31038060f5bcfb8,5,2,96.0,68.0,64.0
168860,8d55dd86536e9fcbe31038060f5bcfb8,6,3,80.0,68.0,80.0
4569,939ae818f4b5d68839a3d31094ce2161,6,3,56.0,68.0,88.0
29172,939ae818f4b5d68839a3d31094ce2161,6,3,64.0,68.0,84.0
183411,a33b19587071c7e1c11a159fb2d066f2,3,3,84.0,68.0,39.0
28159,a33b19587071c7e1c11a159fb2d066f2,3,2,64.0,68.0,64.0
123738,a33b19587071c7e1c11a159fb2d066f2,6,2,84.0,68.0,92.0
6537,a33b19587071c7e1c11a159fb2d066f2,3,3,80.0,68.0,80.0
127788,a33b19587071c7e1c11a159fb2d066f2,6,3,64.0,68.0,96.0
135696,a33b19587071c7e1c11a159fb2d066f2,6,1,76.0,68.0,96.0
142111,a33b19587071c7e1c11a159fb2d066f2,3,3,40.0,68.0,90.0
78276,a33b19587071c7e1c11a159fb2d066f2,6,3,68.0,68.0,80.0
153149,a33b19587071c7e1c11a159fb2d066f2,6,3,80.0,68.0,100.0
93657,a33b19587071c7e1c11a159fb2d066f2,3,3,84.0,68.0,84.0
148300,a33b19587071c7e1c11a159fb2d066f2,3,1,60.0,68.0,84.0
120708,a33b19587071c7e1c11a159fb2d066f2,5,1,80.0,68.0,80.0
31371,defbc6951b7c7d6c1f856b319eb6b77d,6,1,80.0,68.0,96.0
47853,defbc6951b7c7d6c1f856b319eb6b77d,4,1,92.0,68.0,64.0
4787,defbc6951b7c7d6c1f856b319eb6b77d,4,1,84.0,68.0,88.0
139763,00b9bd6a16619dae899a8c9edef97a0a,7,2,72.0,72.0,28.0
183327,00b9bd6a16619dae899a8c9edef97a0a,7,3,64.0,72.0,92.0
128568,00b9bd6a16619dae899a8c9edef97a0a,7,2,96.0,72.0,84.0
79454,00b9bd6a16619dae899a8c9edef97a0a,8,1,92.0,72.0,36.0
80472,00b9bd6a16619dae899a8c9edef97a0a,7,1,68.0,72.0,68.0
15577,152a3ced5f0f3bf33a982d071fe5e9d2,3,5,92.0,72.0,92.0
159183,152a3ced5f0f3bf33a982d071fe5e9d2,3,5,52.0,72.0,80.0
108064,28352b6960b484ed875710a5d01d2ed0,7,2,88.0,72.0,92.0
15853,28352b6960b484ed875710a5d01d2ed0,7,1,96.0,72.0,36.0
58212,28352b6960b484ed875710a5d01d2ed0,7,2,76.0,72.0,96.0
18518,28352b6960b484ed875710a5d01d2ed0,7,1,100.0,72.0,96.0
94658,28352b6960b484ed875710a5d01d2ed0,7,1,84.0,72.0,100.0
143079,28352b6960b484ed875710a5d01d2ed0,7,3,80.0,72.0,100.0
32177,28352b6960b484ed875710a5d01d2ed0,7,1,88.0,72.0,76.0
193051,28352b6960b484ed875710a5d01d2ed0,7,2,100.0,72.0,80.0
50582,28352b6960b484ed875710a5d01d2ed0,7,4,80.0,72.0,32.0
85672,28352b6960b484ed875710a5d01d2ed0,7,4,80.0,72.0,60.0
156991,28352b6960b484ed875710a5d01d2ed0,8,5,100.0,72.0,96.0
203951,45de0882695f63e80a6eae7a458c07e0,5,2,92.0,72.0,68.0
125902,45de0882695f63e80a6eae7a458c07e0,5,1,92.0,72.0,84.0
131255,45de0882695f63e80a6eae7a458c07e0,4,2,88.0,72.0,88.0
41121,5849f953d93f4e1256de7102936614d6,6,4,88.0,72.0,96.0
200835,5849f953d93f4e1256de7102936614d6,6,4,92.0,72.0,100.0
211996,5849f953d93f4e1256de7102936614d6,6,4,84.0,72.0,44.0
48535,6d53097cd54b20364cc8a14357e4318c,4,1,88.0,72.0,84.0
181250,6d53097cd54b20364cc8a14357e4318c,3,1,96.0,72.0,96.0
88618,6d53097cd54b20364cc8a14357e4318c,3,3,72.0,72.0,76.0
199186,6d53097cd54b20364cc8a14357e4318c,4,4,100.0,72.0,92.0
186924,6d53097cd54b20364cc8a14357e4318c,3,1,100.0,72.0,92.0
47592,6d53097cd54b20364cc8a14357e4318c,6,3,80.0,72.0,92.0
89127,6d53097cd54b20364cc8a14357e4318c,6,3,92.0,72.0,92.0
55039,6d53097cd54b20364cc8a14357e4318c,3,1,88.0,72.0,88.0
73199,6d53097cd54b20364cc8a14357e4318c,6,3,80.0,72.0,88.0
67028,6d53097cd54b20364cc8a14357e4318c,6,2,96.0,72.0,96.0
73731,6d53097cd54b20364cc8a14357e4318c,3,1,96.0,72.0,88.0
202750,6d53097cd54b20364cc8a14357e4318c,3,3,64.0,72.0,69.0
108674,6d53097cd54b20364cc8a14357e4318c,6,3,84.0,72.0,88.0
153496,6d53097cd54b20364cc8a14357e4318c,6,2,96.0,72.0,84.0
123339,6d53097cd54b20364cc8a14357e4318c,6,3,72.0,72.0,92.0
40556,8d55dd86536e9fcbe31038060f5bcfb8,3,1,68.0,72.0,64.0
156817,8d55dd86536e9fcbe31038060f5bcfb8,5,2,80.0,72.0,96.0
144438,8d55dd86536e9fcbe31038060f5bcfb8,5,3,72.0,72.0,92.0
188185,8d55dd86536e9fcbe31038060f5bcfb8,5,2,84.0,72.0,84.0
26948,8d55dd86536e9fcbe31038060f5bcfb8,6,3,88.0,72.0,80.0
173201,a33b19587071c7e1c11a159fb2d066f2,6,3,92.0,72.0,96.0
81313,a33b19587071c7e1c11a159fb2d066f2,3,1,96.0,72.0,84.0
101465,a33b19587071c7e1c11a159fb2d066f2,6,2,80.0,72.0,100.0
133186,a33b19587071c7e1c11a159fb2d066f2,6,1,68.0,72.0,96.0
88675,a33b19587071c7e1c11a159fb2d066f2,4,3,84.0,72.0,72.0
118520,a33b19587071c7e1c11a159fb2d066f2,6,2,84.0,72.0,92.0
29136,a33b19587071c7e1c11a159fb2d066f2,6,2,88.0,72.0,80.0
119420,a33b19587071c7e1c11a159fb2d066f2,3,3,96.0,72.0,88.0
184316,a33b19587071c7e1c11a159fb2d066f2,6,3,56.0,72.0,88.0
113931,a33b19587071c7e1c11a159fb2d066f2,3,3,88.0,72.0,64.0
6160,a33b19587071c7e1c11a159fb2d066f2,3,2,72.0,72.0,80.0
148875,a33b19587071c7e1c11a159fb2d066f2,6,2,96.0,72.0,92.0
146538,a33b19587071c7e1c11a159fb2d066f2,3,3,92.0,72.0,92.0
125597,a33b19587071c7e1c11a159fb2d066f2,6,2,80.0,72.0,88.0
109377,defbc6951b7c7d6c1f856b319eb6b77d,5,1,72.0,72.0,72.0
170217,defbc6951b7c7d6c1f856b319eb6b77d,5,1,88.0,72.0,76.0
184534,defbc6951b7c7d6c1f856b319eb6b77d,4,1,96.0,72.0,76.0
145319,00b9bd6a16619dae899a8c9edef97a0a,7,2,76.0,76.0,56.0
99786,00b9bd6a16619dae899a8c9edef97a0a,7,2,64.0,76.0,52.0
2867,00b9bd6a16619dae899a8c9edef97a0a,8,1,88.0,76.0,84.0
93895,00b9bd6a16619dae899a8c9edef97a0a,7,1,80.0,76.0,28.0
175083,00b9bd6a16619dae899a8c9edef97a0a,7,1,76.0,76.0,72.0
48054,00b9bd6a16619dae899a8c9edef97a0a,7,1,96.0,76.0,80.0
35455,00b9bd6a16619dae899a8c9edef97a0a,7,2,80.0,76.0,76.0
97633,152a3ced5f0f3bf33a982d071fe5e9d2,3,5,68.0,76.0,78.0
202765,152a3ced5f0f3bf33a982d071fe5e9d2,3,5,80.0,76.0,76.0
193173,152a3ced5f0f3bf33a982d071fe5e9d2,3,5,72.0,76.0,84.0
18887,28352b6960b484ed875710a5d01d2ed0,7,3,92.0,76.0,92.0
104393,28352b6960b484ed875710a5d01d2ed0,7,4,96.0,76.0,72.0
168180,28352b6960b484ed875710a5d01d2ed0,7,3,80.0,76.0,96.0
30336,28352b6960b484ed875710a5d01d2ed0,7,4,88.0,76.0,92.0
139402,28352b6960b484ed875710a5d01d2ed0,7,4,96.0,76.0,88.0
8597,28352b6960b484ed875710a5d01d2ed0,7,4,96.0,76.0,80.0
9320,28352b6960b484ed875710a5d01d2ed0,7,2,84.0,76.0,92.0
29570,28352b6960b484ed875710a5d01d2ed0,7,1,56.0,76.0,40.0
44477,28352b6960b484ed875710a5d01d2ed0,7,2,72.0,76.0,68.0
24722,45de0882695f63e80a6eae7a458c07e0,6,1,96.0,76.0,100.0
208801,45de0882695f63e80a6eae7a458c07e0,6,1,60.0,76.0,44.0
32037,45de0882695f63e80a6eae7a458c07e0,5,1,96.0,76.0,76.0
20230,45de0882695f63e80a6eae7a458c07e0,4,2,88.0,76.0,80.0
208800,45de0882695f63e80a6eae7a458c07e0,6,1,100.0,76.0,96.0
173569,45de0882695f63e80a6eae7a458c07e0,6,1,100.0,76.0,84.0
193700,45de0882695f63e80a6eae7a458c07e0,5,1,84.0,76.0,56.0
69575,5849f953d93f4e1256de7102936614d6,6,4,92.0,76.0,76.0
157064,6d53097cd54b20364cc8a14357e4318c,4,1,80.0,76.0,84.0
28907,6d53097cd54b20364cc8a14357e4318c,3,1,96.0,76.0,88.0
70068,6d53097cd54b20364cc8a14357e4318c,3,1,96.0,76.0,77.0
108841,6d53097cd54b20364cc8a14357e4318c,3,3,88.0,76.0,88.0
111932,6d53097cd54b20364cc8a14357e4318c,6,4,92.0,76.0,100.0
56331,6d53097cd54b20364cc8a14357e4318c,6,1,80.0,76.0,100.0
114801,6d53097cd54b20364cc8a14357e4318c,6,3,100.0,76.0,84.0
101662,6d53097cd54b20364cc8a14357e4318c,4,1,88.0,76.0,80.0
201686,6d53097cd54b20364cc8a14357e4318c,3,3,80.0,76.0,89.0
80245,6d53097cd54b20364cc8a14357e4318c,4,1,100.0,76.0,96.0
51773,6d53097cd54b20364cc8a14357e4318c,4,4,96.0,76.0,84.0
26776,6d53097cd54b20364cc8a14357e4318c,4,1,84.0,76.0,68.0
40356,6d53097cd54b20364cc8a14357e4318c,6,4,80.0,76.0,88.0
123262,6d53097cd54b20364cc8a14357e4318c,5,1,84.0,76.0,92.0
158561,6d53097cd54b20364cc8a14357e4318c,5,1,84.0,76.0,96.0
2040,8d55dd86536e9fcbe31038060f5bcfb8,6,2,84.0,76.0,76.0
41794,8d55dd86536e9fcbe31038060f5bcfb8,5,2,92.0,76.0,56.0
92084,8d55dd86536e9fcbe31038060f5bcfb8,6,3,96.0,76.0,80.0
56017,8d55dd86536e9fcbe31038060f5bcfb8,6,2,84.0,76.0,80.0
124901,8d55dd86536e9fcbe31038060f5bcfb8,6,3,84.0,76.0,80.0
160128,8d55dd86536e9fcbe31038060f5bcfb8,6,3,76.0,76.0,96.0
33131,8d55dd86536e9fcbe31038060f5bcfb8,5,3,76.0,76.0,72.0
64837,8d55dd86536e9fcbe31038060f5bcfb8,4,2,84.0,76.0,44.0
204574,8d55dd86536e9fcbe31038060f5bcfb8,4,2,80.0,76.0,40.0
34305,8d55dd86536e9fcbe31038060f5bcfb8,6,3,88.0,76.0,92.0
127719,8d55dd86536e9fcbe31038060f5bcfb8,5,3,92.0,76.0,100.0
115579,8d55dd86536e9fcbe31038060f5bcfb8,6,3,88.0,76.0,100.0
54427,8d55dd86536e9fcbe31038060f5bcfb8,5,3,92.0,76.0,92.0
187907,8d55dd86536e9fcbe31038060f5bcfb8,6,2,84.0,76.0,100.0
5279,8d55dd86536e9fcbe31038060f5bcfb8,6,3,96.0,76.0,80.0
98788,a33b19587071c7e1c11a159fb2d066f2,3,3,92.0,76.0,80.0
174093,a33b19587071c7e1c11a159fb2d066f2,3,1,88.0,76.0,80.0
215070,a33b19587071c7e1c11a159fb2d066f2,3,3,92.0,76.0,92.0
154212,a33b19587071c7e1c11a159fb2d066f2,6,2,76.0,76.0,84.0
75386,a33b19587071c7e1c11a159fb2d066f2,6,1,100.0,76.0,92.0
25254,a33b19587071c7e1c11a159fb2d066f2,3,1,72.0,76.0,38.0
53012,a33b19587071c7e1c11a159fb2d066f2,6,1,72.0,76.0,76.0
22358,a33b19587071c7e1c11a159fb2d066f2,3,3,92.0,76.0,96.0
19185,a33b19587071c7e1c11a159fb2d066f2,6,2,64.0,76.0,64.0
249,defbc6951b7c7d6c1f856b319eb6b77d,6,1,92.0,76.0,88.0
125104,defbc6951b7c7d6c1f856b319eb6b77d,4,1,96.0,76.0,88.0
39698,00b9bd6a16619dae899a8c9edef97a0a,7,1,68.0,80.0,92.0
144962,00b9bd6a16619dae899a8c9edef97a0a,7,3,60.0,80.0,92.0
204468,00b9bd6a16619dae899a8c9edef97a0a,8,1,92.0,80.0,88.0
187215,00b9bd6a16619dae899a8c9edef97a0a,8,1,96.0,80.0,76.0
30437,152a3ced5f0f3bf33a982d071fe5e9d2,3,5,88.0,80.0,92.0
16189,28352b6960b484ed875710a5d01d2ed0,7,3,92.0,80.0,84.0
23694,28352b6960b484ed875710a5d01d2ed0,7,3,100.0,80.0,100.0
153945,28352b6960b484ed875710a5d01d2ed0,7,2,100.0,80.0,100.0
132149,28352b6960b484ed875710a5d01d2ed0,7,3,80.0,80.0,40.0
136798,28352b6960b484ed875710a5d01d2ed0,7,1,92.0,80.0,44.0
204785,28352b6960b484ed875710a5d01d2ed0,7,2,64.0,80.0,48.0
193822,28352b6960b484ed875710a5d01d2ed0,7,4,64.0,80.0,56.0
104024,28352b6960b484ed875710a5d01d2ed0,7,3,96.0,80.0,100.0
55921,45de0882695f63e80a6eae7a458c07e0,5,2,96.0,80.0,92.0
64463,45de0882695f63e80a6eae7a458c07e0,4,1,96.0,80.0,88.0
7678,45de0882695f63e80a6eae7a458c07e0,4,2,92.0,80.0,88.0
80283,45de0882695f63e80a6eae7a458c07e0,4,2,100.0,80.0,92.0
163685,45de0882695f63e80a6eae7a458c07e0,5,2,96.0,80.0,100.0
98162,45de0882695f63e80a6eae7a458c07e0,5,1,92.0,80.0,52.0
66064,45de0882695f63e80a6eae7a458c07e0,6,1,100.0,80.0,100.0
111966,5849f953d93f4e1256de7102936614d6,6,4,92.0,80.0,100.0
10345,5849f953d93f4e1256de7102936614d6,6,4,88.0,80.0,100.0
185202,6d53097cd54b20364cc8a14357e4318c,4,3,100.0,80.0,92.0
6147,6d53097cd54b20364cc8a14357e4318c,3,3,76.0,80.0,84.0
53215,6d53097cd54b20364cc8a14357e4318c,4,1,92.0,80.0,96.0
25244,6d53097cd54b20364cc8a14357e4318c,3,1,92.0,80.0,99.0
65300,6d53097cd54b20364cc8a14357e4318c,6,3,88.0,80.0,84.0
74646,6d53097cd54b20364cc8a14357e4318c,6,4,92.0,80.0,100.0
59005,6d53097cd54b20364cc8a14357e4318c,4,3,96.0,80.0,92.0
181302,6d53097cd54b20364cc8a14357e4318c,4,3,92.0,80.0,84.0
204967,6d53097cd54b20364cc8a14357e4318c,5,1,80.0,80.0,92.0
138048,6d53097cd54b20364cc8a14357e4318c,4,2,96.0,80.0,80.0
103094,6d53097cd54b20364cc8a14357e4318c,4,1,92.0,80.0,96.0
60082,6d53097cd54b20364cc8a14357e4318c,4,3,92.0,80.0,92.0
153342,6d53097cd54b20364cc8a14357e4318c,4,1,96.0,80.0,92.0
87954,6d53097cd54b20364cc8a14357e4318c,4,4,92.0,80.0,96.0
87955,6d53097cd54b20364cc8a14357e4318c,4,2,84.0,80.0,100.0
31498,6d53097cd54b20364cc8a14357e4318c,3,3,80.0,80.0,84.0
131314,6d53097cd54b20364cc8a14357e4318c,6,3,96.0,80.0,96.0
137633,6d53097cd54b20364cc8a14357e4318c,4,4,88.0,80.0,96.0
35650,6d53097cd54b20364cc8a14357e4318c,5,1,92.0,80.0,88.0
171138,8d55dd86536e9fcbe31038060f5bcfb8,3,1,96.0,80.0,92.0
193991,8d55dd86536e9fcbe31038060f5bcfb8,4,2,100.0,80.0,100.0
106483,8d55dd86536e9fcbe31038060f5bcfb8,4,2,100.0,80.0,88.0
134060,8d55dd86536e9fcbe31038060f5bcfb8,3,2,72.0,80.0,96.0
149240,8d55dd86536e9fcbe31038060f5bcfb8,6,2,96.0,80.0,100.0
89554,8d55dd86536e9fcbe31038060f5bcfb8,6,2,76.0,80.0,96.0
127067,8d55dd86536e9fcbe31038060f5bcfb8,6,3,84.0,80.0,68.0
118767,8d55dd86536e9fcbe31038060f5bcfb8,4,2,92.0,80.0,100.0
118908,8d55dd86536e9fcbe31038060f5bcfb8,6,3,84.0,80.0,96.0
39160,8d55dd86536e9fcbe31038060f5bcfb8,4,2,96.0,80.0,100.0
52069,8d55dd86536e9fcbe31038060f5bcfb8,3,3,88.0,80.0,87.0
122080,8d55dd86536e9fcbe31038060f5bcfb8,3,1,84.0,80.0,73.0
183428,8d55dd86536e9fcbe31038060f5bcfb8,3,1,84.0,80.0,87.0
164405,8d55dd86536e9fcbe31038060f5bcfb8,5,3,92.0,80.0,84.0
23157,8d55dd86536e9fcbe31038060f5bcfb8,4,2,84.0,80.0,48.0
56211,8d55dd86536e9fcbe31038060f5bcfb8,4,2,96.0,80.0,100.0
47919,8d55dd86536e9fcbe31038060f5bcfb8,5,3,88.0,80.0,88.0
151405,8d55dd86536e9fcbe31038060f5bcfb8,6,3,92.0,80.0,92.0
41745,8d55dd86536e9fcbe31038060f5bcfb8,4,2,84.0,80.0,88.0
137611,8d55dd86536e9fcbe31038060f5bcfb8,3,1,100.0,80.0,100.0
96412,8d55dd86536e9fcbe31038060f5bcfb8,6,2,76.0,80.0,96.0
50345,8d55dd86536e9fcbe31038060f5bcfb8,4,2,80.0,80.0,76.0
199751,939ae818f4b5d68839a3d31094ce2161,6,3,84.0,80.0,100.0
140507,939ae818f4b5d68839a3d31094ce2161,6,3,64.0,80.0,88.0
180029,939ae818f4b5d68839a3d31094ce2161,6,3,76.0,80.0,88.0
65490,a33b19587071c7e1c11a159fb2d066f2,3,1,76.0,80.0,80.0
194132,a33b19587071c7e1c11a159fb2d066f2,6,1,96.0,80.0,88.0
163358,a33b19587071c7e1c11a159fb2d066f2,6,2,88.0,80.0,96.0
88106,a33b19587071c7e1c11a159fb2d066f2,6,2,92.0,80.0,100.0
131685,a33b19587071c7e1c11a159fb2d066f2,6,3,96.0,80.0,96.0
93978,a33b19587071c7e1c11a159fb2d066f2,3,1,84.0,80.0,64.0
35160,a33b19587071c7e1c11a159fb2d066f2,3,1,60.0,80.0,96.0
140105,defbc6951b7c7d6c1f856b319eb6b77d,6,1,100.0,80.0,96.0
157446,defbc6951b7c7d6c1f856b319eb6b77d,4,1,92.0,80.0,100.0
184623,defbc6951b7c7d6c1f856b319eb6b77d,5,1,88.0,80.0,100.0
108642,defbc6951b7c7d6c1f856b319eb6b77d,5,1,92.0,80.0,100.0
101840,defbc6951b7c7d6c1f856b319eb6b77d,6,1,96.0,80.0,96.0
128242,00b9bd6a16619dae899a8c9edef97a0a,8,1,100.0,84.0,96.0
153938,00b9bd6a16619dae899a8c9edef97a0a,7,1,96.0,84.0,84.0
142730,00b9bd6a16619dae899a8c9edef97a0a,7,2,92.0,84.0,40.0
80473,00b9bd6a16619dae899a8c9edef97a0a,7,2,64.0,84.0,60.0
44871,00b9bd6a16619dae899a8c9edef97a0a,8,1,76.0,84.0,24.0
20804,00b9bd6a16619dae899a8c9edef97a0a,8,1,88.0,84.0,96.0
207008,00b9bd6a16619dae899a8c9edef97a0a,7,1,96.0,84.0,44.0
185056,00b9bd6a16619dae899a8c9edef97a0a,7,3,92.0,84.0,64.0
142760,00b9bd6a16619dae899a8c9edef97a0a,8,1,96.0,84.0,96.0
179001,00b9bd6a16619dae899a8c9edef97a0a,7,1,92.0,84.0,56.0
171500,152a3ced5f0f3bf33a982d071fe5e9d2,3,5,88.0,84.0,80.0
174715,28352b6960b484ed875710a5d01d2ed0,7,2,100.0,84.0,80.0
45938,28352b6960b484ed875710a5d01d2ed0,7,1,76.0,84.0,64.0
158379,28352b6960b484ed875710a5d01d2ed0,7,3,76.0,84.0,80.0
135814,28352b6960b484ed875710a5d01d2ed0,8,5,88.0,84.0,96.0
161679,28352b6960b484ed875710a5d01d2ed0,7,2,100.0,84.0,84.0
107362,28352b6960b484ed875710a5d01d2ed0,7,4,100.0,84.0,80.0
28837,28352b6960b484ed875710a5d01d2ed0,7,4,92.0,84.0,92.0
26652,28352b6960b484ed875710a5d01d2ed0,7,1,68.0,84.0,36.0
133297,28352b6960b484ed875710a5d01d2ed0,8,5,84.0,84.0,92.0
176527,28352b6960b484ed875710a5d01d2ed0,7,2,96.0,84.0,88.0
169992,28352b6960b484ed875710a5d01d2ed0,7,2,80.0,84.0,100.0
44478,28352b6960b484ed875710a5d01d2ed0,7,4,80.0,84.0,56.0
2487,28352b6960b484ed875710a5d01d2ed0,7,2,48.0,84.0,36.0
183688,28352b6960b484ed875710a5d01d2ed0,7,1,92.0,84.0,100.0
124370,45de0882695f63e80a6eae7a458c07e0,4,2,96.0,84.0,88.0
121559,45de0882695f63e80a6eae7a458c07e0,6,1,96.0,84.0,96.0
195578,45de0882695f63e80a6eae7a458c07e0,5,1,100.0,84.0,92.0
169427,45de0882695f63e80a6eae7a458c07e0,4,2,84.0,84.0,92.0
173886,45de0882695f63e80a6eae7a458c07e0,5,2,100.0,84.0,100.0
168858,45de0882695f63e80a6eae7a458c07e0,6,1,96.0,84.0,96.0
161922,45de0882695f63e80a6eae7a458c07e0,5,2,92.0,84.0,96.0
142184,45de0882695f63e80a6eae7a458c07e0,4,1,100.0,84.0,88.0
132704,45de0882695f63e80a6eae7a458c07e0,4,2,96.0,84.0,92.0
27237,45de0882695f63e80a6eae7a458c07e0,5,1,96.0,84.0,96.0
191137,5849f953d93f4e1256de7102936614d6,6,4,92.0,84.0,92.0
38018,6d53097cd54b20364cc8a14357e4318c,3,3,96.0,84.0,92.0
78969,6d53097cd54b20364cc8a14357e4318c,6,3,84.0,84.0,100.0
71234,6d53097cd54b20364cc8a14357e4318c,4,2,100.0,84.0,92.0
163506,6d53097cd54b20364cc8a14357e4318c,3,3,96.0,84.0,92.0
160836,6d53097cd54b20364cc8a14357e4318c,6,2,96.0,84.0,100.0
192826,6d53097cd54b20364cc8a14357e4318c,4,3,100.0,84.0,96.0
160328,6d53097cd54b20364cc8a14357e4318c,4,2,96.0,84.0,96.0
61156,6d53097cd54b20364cc8a14357e4318c,3,3,72.0,84.0,96.0
157728,6d53097cd54b20364cc8a14357e4318c,3,1,80.0,84.0,100.0
17591,6d53097cd54b20364cc8a14357e4318c,6,3,84.0,84.0,92.0
136252,6d53097cd54b20364cc8a14357e4318c,4,4,92.0,84.0,92.0
14211,6d53097cd54b20364cc8a14357e4318c,4,4,100.0,84.0,84.0
18638,6d53097cd54b20364cc8a14357e4318c,4,4,96.0,84.0,92.0
120279,6d53097cd54b20364cc8a14357e4318c,4,2,96.0,84.0,96.0
38071,6d53097cd54b20364cc8a14357e4318c,4,1,100.0,84.0,88.0
61549,6d53097cd54b20364cc8a14357e4318c,3,1,68.0,84.0,72.0
174265,6d53097cd54b20364cc8a14357e4318c,6,4,92.0,84.0,96.0
118729,6d53097cd54b20364cc8a14357e4318c,4,1,88.0,84.0,96.0
205735,8d55dd86536e9fcbe31038060f5bcfb8,4,2,100.0,84.0,100.0
144012,8d55dd86536e9fcbe31038060f5bcfb8,4,2,92.0,84.0,88.0
43313,8d55dd86536e9fcbe31038060f5bcfb8,5,2,88.0,84.0,96.0
60955,8d55dd86536e9fcbe31038060f5bcfb8,5,2,100.0,84.0,92.0
214941,8d55dd86536e9fcbe31038060f5bcfb8,6,3,100.0,84.0,100.0
35984,8d55dd86536e9fcbe31038060f5bcfb8,4,3,92.0,84.0,80.0
158145,8d55dd86536e9fcbe31038060f5bcfb8,3,3,96.0,84.0,92.0
54707,8d55dd86536e9fcbe31038060f5bcfb8,3,2,88.0,84.0,92.0
125521,8d55dd86536e9fcbe31038060f5bcfb8,5,3,92.0,84.0,68.0
112127,8d55dd86536e9fcbe31038060f5bcfb8,3,2,80.0,84.0,91.0
163568,8d55dd86536e9fcbe31038060f5bcfb8,3,2,84.0,84.0,95.0
168295,8d55dd86536e9fcbe31038060f5bcfb8,3,2,96.0,84.0,91.0
172437,8d55dd86536e9fcbe31038060f5bcfb8,6,2,84.0,84.0,92.0
155193,8d55dd86536e9fcbe31038060f5bcfb8,4,3,92.0,84.0,88.0
79910,8d55dd86536e9fcbe31038060f5bcfb8,4,2,84.0,84.0,84.0
214116,8d55dd86536e9fcbe31038060f5bcfb8,5,2,96.0,84.0,92.0
23954,8d55dd86536e9fcbe31038060f5bcfb8,5,3,96.0,84.0,84.0
127373,8d55dd86536e9fcbe31038060f5bcfb8,5,3,88.0,84.0,96.0
180580,8d55dd86536e9fcbe31038060f5bcfb8,3,1,96.0,84.0,96.0
31725,8d55dd86536e9fcbe31038060f5bcfb8,6,3,92.0,84.0,100.0
49752,8d55dd86536e9fcbe31038060f5bcfb8,6,3,100.0,84.0,100.0
67611,8d55dd86536e9fcbe31038060f5bcfb8,3,1,100.0,84.0,88.0
149789,8d55dd86536e9fcbe31038060f5bcfb8,4,2,100.0,84.0,100.0
75762,8d55dd86536e9fcbe31038060f5bcfb8,5,3,92.0,84.0,60.0
2782,8d55dd86536e9fcbe31038060f5bcfb8,6,2,92.0,84.0,92.0
121408,8d55dd86536e9fcbe31038060f5bcfb8,4,2,100.0,84.0,100.0
140295,8d55dd86536e9fcbe31038060f5bcfb8,3,1,100.0,84.0,95.0
131043,939ae818f4b5d68839a3d31094ce2161,6,3,72.0,84.0,80.0
32253,a33b19587071c7e1c11a159fb2d066f2,3,2,80.0,84.0,80.0
183958,a33b19587071c7e1c11a159fb2d066f2,6,3,84.0,84.0,96.0
112109,a33b19587071c7e1c11a159fb2d066f2,3,2,84.0,84.0,88.0
211987,a33b19587071c7e1c11a159fb2d066f2,6,2,80.0,84.0,100.0
54306,a33b19587071c7e1c11a159fb2d066f2,3,2,88.0,84.0,72.0
122268,a33b19587071c7e1c11a159fb2d066f2,6,1,84.0,84.0,88.0
147787,a33b19587071c7e1c11a159fb2d066f2,6,2,84.0,84.0,96.0
28918,a33b19587071c7e1c11a159fb2d066f2,3,2,76.0,84.0,76.0
130452,a33b19587071c7e1c11a159fb2d066f2,3,2,80.0,84.0,75.0
109766,a33b19587071c7e1c11a159fb2d066f2,6,2,76.0,84.0,96.0
6000,a33b19587071c7e1c11a159fb2d066f2,6,2,84.0,84.0,88.0
20866,a33b19587071c7e1c11a159fb2d066f2,3,2,64.0,84.0,77.0
184257,defbc6951b7c7d6c1f856b319eb6b77d,5,1,88.0,84.0,92.0
14589,defbc6951b7c7d6c1f856b319eb6b77d,4,1,88.0,84.0,100.0
52650,defbc6951b7c7d6c1f856b319eb6b77d,6,1,96.0,84.0,100.0
100019,defbc6951b7c7d6c1f856b319eb6b77d,5,1,84.0,84.0,92.0
38524,defbc6951b7c7d6c1f856b319eb6b77d,5,1,84.0,84.0,100.0
154150,defbc6951b7c7d6c1f856b319eb6b77d,5,1,96.0,84.0,72.0
212221,defbc6951b7c7d6c1f856b319eb6b77d,4,1,92.0,84.0,56.0
113003,defbc6951b7c7d6c1f856b319eb6b77d,5,1,92.0,84.0,100.0
137891,00b9bd6a16619dae899a8c9edef97a0a,7,3,48.0,88.0,76.0
45244,00b9bd6a16619dae899a8c9edef97a0a,8,1,96.0,88.0,80.0
118269,00b9bd6a16619dae899a8c9edef97a0a,8,1,84.0,88.0,84.0
58556,00b9bd6a16619dae899a8c9edef97a0a,7,1,96.0,88.0,88.0
23691,00b9bd6a16619dae899a8c9edef97a0a,7,3,80.0,88.0,92.0
14435,00b9bd6a16619dae899a8c9edef97a0a,7,3,88.0,88.0,92.0
87491,00b9bd6a16619dae899a8c9edef97a0a,7,1,80.0,88.0,72.0
192325,00b9bd6a16619dae899a8c9edef97a0a,7,2,88.0,88.0,76.0
45304,152a3ced5f0f3bf33a982d071fe5e9d2,3,5,84.0,88.0,96.0
49908,152a3ced5f0f3bf33a982d071fe5e9d2,3,5,96.0,88.0,96.0
147618,152a3ced5f0f3bf33a982d071fe5e9d2,3,5,100.0,88.0,96.0
211454,152a3ced5f0f3bf33a982d071fe5e9d2,3,5,100.0,88.0,88.0
20516,152a3ced5f0f3bf33a982d071fe5e9d2,3,5,84.0,88.0,92.0
58294,152a3ced5f0f3bf33a982d071fe5e9d2,3,5,92.0,88.0,96.0
155413,28352b6960b484ed875710a5d01d2ed0,7,5,92.0,88.0,96.0
41561,28352b6960b484ed875710a5d01d2ed0,7,1,84.0,88.0,92.0
177581,28352b6960b484ed875710a5d01d2ed0,7,1,96.0,88.0,100.0
165610,28352b6960b484ed875710a5d01d2ed0,7,2,96.0,88.0,96.0
44839,28352b6960b484ed875710a5d01d2ed0,7,4,92.0,88.0,64.0
137520,28352b6960b484ed875710a5d01d2ed0,7,5,100.0,88.0,96.0
32877,28352b6960b484ed875710a5d01d2ed0,7,1,80.0,88.0,76.0
60722,28352b6960b484ed875710a5d01d2ed0,7,4,92.0,88.0,84.0
113849,28352b6960b484ed875710a5d01d2ed0,7,3,96.0,88.0,96.0
148221,28352b6960b484ed875710a5d01d2ed0,7,3,100.0,88.0,100.0
28436,28352b6960b484ed875710a5d01d2ed0,7,1,96.0,88.0,48.0
33279,28352b6960b484ed875710a5d01d2ed0,8,5,88.0,88.0,80.0
59809,45de0882695f63e80a6eae7a458c07e0,5,1,96.0,88.0,92.0
94820,45de0882695f63e80a6eae7a458c07e0,4,1,100.0,88.0,96.0
116583,45de0882695f63e80a6eae7a458c07e0,5,1,92.0,88.0,84.0
52119,45de0882695f63e80a6eae7a458c07e0,4,2,88.0,88.0,96.0
24569,45de0882695f63e80a6eae7a458c07e0,4,1,96.0,88.0,72.0
138822,45de0882695f63e80a6eae7a458c07e0,4,1,92.0,88.0,92.0
165797,45de0882695f63e80a6eae7a458c07e0,4,1,100.0,88.0,84.0
182360,45de0882695f63e80a6eae7a458c07e0,4,1,96.0,88.0,84.0
110490,45de0882695f63e80a6eae7a458c07e0,5,1,96.0,88.0,88.0
146981,45de0882695f63e80a6eae7a458c07e0,4,2,96.0,88.0,92.0
13163,45de0882695f63e80a6eae7a458c07e0,4,2,96.0,88.0,80.0
121172,5849f953d93f4e1256de7102936614d6,6,4,96.0,88.0,80.0
79688,5849f953d93f4e1256de7102936614d6,6,4,92.0,88.0,96.0
129574,5849f953d93f4e1256de7102936614d6,6,4,100.0,88.0,96.0
207841,6d53097cd54b20364cc8a14357e4318c,3,1,92.0,88.0,84.0
47820,6d53097cd54b20364cc8a14357e4318c,4,4,100.0,88.0,96.0
83279,6d53097cd54b20364cc8a14357e4318c,6,4,100.0,88.0,92.0
113224,6d53097cd54b20364cc8a14357e4318c,3,3,96.0,88.0,92.0
153705,6d53097cd54b20364cc8a14357e4318c,4,3,100.0,88.0,96.0
147988,6d53097cd54b20364cc8a14357e4318c,4,2,88.0,88.0,100.0
129888,6d53097cd54b20364cc8a14357e4318c,6,4,96.0,88.0,96.0
206734,6d53097cd54b20364cc8a14357e4318c,3,1,96.0,88.0,100.0
123958,6d53097cd54b20364cc8a14357e4318c,4,2,100.0,88.0,96.0
114657,6d53097cd54b20364cc8a14357e4318c,4,3,92.0,88.0,100.0
128276,6d53097cd54b20364cc8a14357e4318c,3,1,96.0,88.0,84.0
138564,6d53097cd54b20364cc8a14357e4318c,6,2,100.0,88.0,96.0
172629,6d53097cd54b20364cc8a14357e4318c,4,2,100.0,88.0,96.0
172075,6d53097cd54b20364cc8a14357e4318c,6,4,84.0,88.0,96.0
14836,6d53097cd54b20364cc8a14357e4318c,3,1,100.0,88.0,88.0
146147,6d53097cd54b20364cc8a14357e4318c,3,3,96.0,88.0,96.0
84285,6d53097cd54b20364cc8a14357e4318c,4,3,96.0,88.0,80.0
82806,6d53097cd54b20364cc8a14357e4318c,4,4,100.0,88.0,76.0
104646,6d53097cd54b20364cc8a14357e4318c,6,4,88.0,88.0,100.0
40712,6d53097cd54b20364cc8a14357e4318c,6,4,100.0,88.0,100.0
153657,6d53097cd54b20364cc8a14357e4318c,3,3,92.0,88.0,96.0
85860,6d53097cd54b20364cc8a14357e4318c,5,1,96.0,88.0,96.0
195135,6d53097cd54b20364cc8a14357e4318c,5,1,100.0,88.0,84.0
13617,6d53097cd54b20364cc8a14357e4318c,6,3,84.0,88.0,96.0
108675,6d53097cd54b20364cc8a14357e4318c,6,1,88.0,88.0,92.0
93969,6d53097cd54b20364cc8a14357e4318c,3,3,80.0,88.0,92.0
202041,6d53097cd54b20364cc8a14357e4318c,3,3,88.0,88.0,96.0
204,6d53097cd54b20364cc8a14357e4318c,6,2,100.0,88.0,100.0
136029,6d53097cd54b20364cc8a14357e4318c,6,1,80.0,88.0,96.0
129404,6d53097cd54b20364cc8a14357e4318c,4,4,96.0,88.0,92.0
189949,6d53097cd54b20364cc8a14357e4318c,5,1,92.0,88.0,68.0
205834,6d53097cd54b20364cc8a14357e4318c,6,1,88.0,88.0,100.0
122818,6d53097cd54b20364cc8a14357e4318c,4,4,92.0,88.0,96.0
97290,6d53097cd54b20364cc8a14357e4318c,3,3,100.0,88.0,80.0
165391,6d53097cd54b20364cc8a14357e4318c,4,2,80.0,88.0,96.0
67958,6d53097cd54b20364cc8a14357e4318c,3,3,92.0,88.0,96.0
129442,8d55dd86536e9fcbe31038060f5bcfb8,4,3,100.0,88.0,92.0
154785,8d55dd86536e9fcbe31038060f5bcfb8,4,2,96.0,88.0,100.0
30514,8d55dd86536e9fcbe31038060f5bcfb8,4,3,96.0,88.0,84.0
63384,8d55dd86536e9fcbe31038060f5bcfb8,3,2,84.0,88.0,100.0
176242,8d55dd86536e9fcbe31038060f5bcfb8,3,2,96.0,88.0,28.0
116932,8d55dd86536e9fcbe31038060f5bcfb8,4,3,92.0,88.0,84.0
21047,8d55dd86536e9fcbe31038060f5bcfb8,5,3,92.0,88.0,72.0
133010,8d55dd86536e9fcbe31038060f5bcfb8,3,1,100.0,88.0,92.0
1682,8d55dd86536e9fcbe31038060f5bcfb8,6,2,96.0,88.0,96.0
756,8d55dd86536e9fcbe31038060f5bcfb8,3,3,96.0,88.0,96.0
43921,8d55dd86536e9fcbe31038060f5bcfb8,4,2,92.0,88.0,92.0
25697,8d55dd86536e9fcbe31038060f5bcfb8,4,3,92.0,88.0,88.0
123009,8d55dd86536e9fcbe31038060f5bcfb8,6,2,92.0,88.0,92.0
157445,8d55dd86536e9fcbe31038060f5bcfb8,4,3,100.0,88.0,92.0
127981,8d55dd86536e9fcbe31038060f5bcfb8,3,2,100.0,88.0,84.0
98455,8d55dd86536e9fcbe31038060f5bcfb8,4,2,84.0,88.0,92.0
14870,8d55dd86536e9fcbe31038060f5bcfb8,3,3,84.0,88.0,96.0
50344,8d55dd86536e9fcbe31038060f5bcfb8,4,2,100.0,88.0,100.0
21864,8d55dd86536e9fcbe31038060f5bcfb8,6,2,96.0,88.0,92.0
199969,8d55dd86536e9fcbe31038060f5bcfb8,4,3,96.0,88.0,96.0
179147,8d55dd86536e9fcbe31038060f5bcfb8,4,2,100.0,88.0,96.0
153174,8d55dd86536e9fcbe31038060f5bcfb8,6,3,96.0,88.0,100.0
104860,8d55dd86536e9fcbe31038060f5bcfb8,3,1,100.0,88.0,86.0
50,8d55dd86536e9fcbe31038060f5bcfb8,3,2,96.0,88.0,96.0
159534,8d55dd86536e9fcbe31038060f5bcfb8,3,1,96.0,88.0,92.0
128023,8d55dd86536e9fcbe31038060f5bcfb8,4,3,100.0,88.0,100.0
18838,8d55dd86536e9fcbe31038060f5bcfb8,6,2,100.0,88.0,100.0
19363,a33b19587071c7e1c11a159fb2d066f2,3,3,88.0,88.0,96.0
104107,a33b19587071c7e1c11a159fb2d066f2,3,1,100.0,88.0,91.0
67051,a33b19587071c7e1c11a159fb2d066f2,6,1,100.0,88.0,100.0
202387,a33b19587071c7e1c11a159fb2d066f2,3,3,88.0,88.0,88.0
61562,a33b19587071c7e1c11a159fb2d066f2,3,1,84.0,88.0,86.0
182655,a33b19587071c7e1c11a159fb2d066f2,3,2,100.0,88.0,58.0
30432,a33b19587071c7e1c11a159fb2d066f2,3,3,68.0,88.0,92.0
110710,a33b19587071c7e1c11a159fb2d066f2,3,2,92.0,88.0,81.0
86320,a33b19587071c7e1c11a159fb2d066f2,6,1,92.0,88.0,96.0
83677,a33b19587071c7e1c11a159fb2d066f2,6,3,88.0,88.0,96.0
80297,defbc6951b7c7d6c1f856b319eb6b77d,4,1,100.0,88.0,96.0
65639,defbc6951b7c7d6c1f856b319eb6b77d,5,1,92.0,88.0,96.0
33112,defbc6951b7c7d6c1f856b319eb6b77d,5,1,92.0,88.0,92.0
40991,defbc6951b7c7d6c1f856b319eb6b77d,4,1,96.0,88.0,92.0
184934,defbc6951b7c7d6c1f856b319eb6b77d,5,1,96.0,88.0,100.0
131721,defbc6951b7c7d6c1f856b319eb6b77d,6,1,96.0,88.0,88.0
23856,defbc6951b7c7d6c1f856b319eb6b77d,4,1,92.0,88.0,68.0
163770,defbc6951b7c7d6c1f856b319eb6b77d,6,1,96.0,88.0,96.0
137091,defbc6951b7c7d6c1f856b319eb6b77d,6,1,88.0,88.0,100.0
50197,00b9bd6a16619dae899a8c9edef97a0a,7,1,56.0,92.0,64.0
71501,00b9bd6a16619dae899a8c9edef97a0a,8,1,96.0,92.0,84.0
146164,152a3ced5f0f3bf33a982d071fe5e9d2,3,5,92.0,92.0,88.0
27361,28352b6960b484ed875710a5d01d2ed0,7,5,100.0,92.0,96.0
206660,28352b6960b484ed875710a5d01d2ed0,7,5,96.0,92.0,92.0
199792,28352b6960b484ed875710a5d01d2ed0,7,3,100.0,92.0,100.0
158742,28352b6960b484ed875710a5d01d2ed0,7,2,96.0,92.0,100.0
176531,28352b6960b484ed875710a5d01d2ed0,7,4,96.0,92.0,100.0
130364,28352b6960b484ed875710a5d01d2ed0,7,4,96.0,92.0,92.0
95411,28352b6960b484ed875710a5d01d2ed0,7,3,100.0,92.0,92.0
128207,28352b6960b484ed875710a5d01d2ed0,7,5,100.0,92.0,100.0
165988,28352b6960b484ed875710a5d01d2ed0,7,3,88.0,92.0,52.0
166619,45de0882695f63e80a6eae7a458c07e0,5,2,96.0,92.0,100.0
29435,45de0882695f63e80a6eae7a458c07e0,5,1,96.0,92.0,96.0
78224,45de0882695f63e80a6eae7a458c07e0,5,1,96.0,92.0,96.0
123696,45de0882695f63e80a6eae7a458c07e0,5,2,88.0,92.0,92.0
193323,45de0882695f63e80a6eae7a458c07e0,5,1,92.0,92.0,84.0
106129,45de0882695f63e80a6eae7a458c07e0,5,1,96.0,92.0,100.0
118544,45de0882695f63e80a6eae7a458c07e0,6,1,92.0,92.0,100.0
67302,45de0882695f63e80a6eae7a458c07e0,4,1,96.0,92.0,96.0
169546,5849f953d93f4e1256de7102936614d6,6,4,96.0,92.0,100.0
128375,6d53097cd54b20364cc8a14357e4318c,5,1,100.0,92.0,88.0
95510,6d53097cd54b20364cc8a14357e4318c,3,3,92.0,92.0,100.0
159342,6d53097cd54b20364cc8a14357e4318c,6,3,100.0,92.0,100.0
38845,6d53097cd54b20364cc8a14357e4318c,5,1,92.0,92.0,96.0
52220,6d53097cd54b20364cc8a14357e4318c,6,2,100.0,92.0,100.0
85006,6d53097cd54b20364cc8a14357e4318c,3,3,100.0,92.0,96.0
25243,6d53097cd54b20364cc8a14357e4318c,3,1,100.0,92.0,84.0
201501,6d53097cd54b20364cc8a14357e4318c,6,2,92.0,92.0,100.0
195483,6d53097cd54b20364cc8a14357e4318c,4,1,92.0,92.0,96.0
34789,6d53097cd54b20364cc8a14357e4318c,3,1,96.0,92.0,92.0
57536,6d53097cd54b20364cc8a14357e4318c,3,3,96.0,92.0,88.0
141935,6d53097cd54b20364cc8a14357e4318c,6,1,88.0,92.0,100.0
15274,6d53097cd54b20364cc8a14357e4318c,4,2,100.0,92.0,96.0
25661,6d53097cd54b20364cc8a14357e4318c,4,3,88.0,92.0,76.0
189648,6d53097cd54b20364cc8a14357e4318c,6,1,96.0,92.0,100.0
206001,6d53097cd54b20364cc8a14357e4318c,3,1,92.0,92.0,100.0
18245,6d53097cd54b20364cc8a14357e4318c,4,3,92.0,92.0,100.0
92760,6d53097cd54b20364cc8a14357e4318c,6,3,88.0,92.0,100.0
119218,6d53097cd54b20364cc8a14357e4318c,6,2,88.0,92.0,92.0
80977,6d53097cd54b20364cc8a14357e4318c,4,1,96.0,92.0,84.0
134602,6d53097cd54b20364cc8a14357e4318c,6,2,92.0,92.0,100.0
124111,6d53097cd54b20364cc8a14357e4318c,6,2,100.0,92.0,100.0
172628,6d53097cd54b20364cc8a14357e4318c,4,3,100.0,92.0,96.0
8347,6d53097cd54b20364cc8a14357e4318c,4,1,100.0,92.0,88.0
97623,6d53097cd54b20364cc8a14357e4318c,3,3,92.0,92.0,94.0
59711,6d53097cd54b20364cc8a14357e4318c,4,1,80.0,92.0,84.0
161034,6d53097cd54b20364cc8a14357e4318c,3,3,92.0,92.0,92.0
151698,6d53097cd54b20364cc8a14357e4318c,6,4,80.0,92.0,100.0
162488,6d53097cd54b20364cc8a14357e4318c,4,3,96.0,92.0,96.0
187468,6d53097cd54b20364cc8a14357e4318c,6,3,96.0,92.0,92.0
119219,6d53097cd54b20364cc8a14357e4318c,6,4,92.0,92.0,92.0
155150,6d53097cd54b20364cc8a14357e4318c,4,2,100.0,92.0,100.0
94785,6d53097cd54b20364cc8a14357e4318c,4,4,100.0,92.0,80.0
34257,6d53097cd54b20364cc8a14357e4318c,6,3,88.0,92.0,96.0
169378,6d53097cd54b20364cc8a14357e4318c,4,2,100.0,92.0,100.0
211081,6d53097cd54b20364cc8a14357e4318c,3,1,88.0,92.0,100.0
207477,6d53097cd54b20364cc8a14357e4318c,3,3,96.0,92.0,84.0
84230,6d53097cd54b20364cc8a14357e4318c,3,1,100.0,92.0,92.0
83115,6d53097cd54b20364cc8a14357e4318c,3,3,96.0,92.0,92.0
128042,6d53097cd54b20364cc8a14357e4318c,5,1,88.0,92.0,100.0
189649,6d53097cd54b20364cc8a14357e4318c,6,2,100.0,92.0,96.0
12868,8d55dd86536e9fcbe31038060f5bcfb8,5,2,100.0,92.0,92.0
86273,8d55dd86536e9fcbe31038060f5bcfb8,5,2,92.0,92.0,100.0
163178,8d55dd86536e9fcbe31038060f5bcfb8,3,3,96.0,92.0,84.0
86152,8d55dd86536e9fcbe31038060f5bcfb8,3,2,96.0,92.0,89.0
195877,8d55dd86536e9fcbe31038060f5bcfb8,4,3,92.0,92.0,96.0
172302,8d55dd86536e9fcbe31038060f5bcfb8,4,3,100.0,92.0,88.0
131937,8d55dd86536e9fcbe31038060f5bcfb8,4,3,100.0,92.0,96.0
26745,8d55dd86536e9fcbe31038060f5bcfb8,3,2,92.0,92.0,100.0
152004,8d55dd86536e9fcbe31038060f5bcfb8,4,2,84.0,92.0,96.0
55656,8d55dd86536e9fcbe31038060f5bcfb8,6,2,100.0,92.0,92.0
106389,8d55dd86536e9fcbe31038060f5bcfb8,3,2,100.0,92.0,88.0
207496,8d55dd86536e9fcbe31038060f5bcfb8,3,3,80.0,92.0,91.0
88692,8d55dd86536e9fcbe31038060f5bcfb8,4,3,100.0,92.0,100.0
67604,8d55dd86536e9fcbe31038060f5bcfb8,3,3,96.0,92.0,92.0
142876,8d55dd86536e9fcbe31038060f5bcfb8,4,3,100.0,92.0,100.0
48579,8d55dd86536e9fcbe31038060f5bcfb8,4,3,100.0,92.0,96.0
55496,8d55dd86536e9fcbe31038060f5bcfb8,4,2,96.0,92.0,100.0
207259,8d55dd86536e9fcbe31038060f5bcfb8,5,3,92.0,92.0,72.0
153683,8d55dd86536e9fcbe31038060f5bcfb8,3,2,100.0,92.0,92.0
87787,8d55dd86536e9fcbe31038060f5bcfb8,6,3,100.0,92.0,100.0
100932,8d55dd86536e9fcbe31038060f5bcfb8,3,2,92.0,92.0,100.0
110360,8d55dd86536e9fcbe31038060f5bcfb8,3,3,96.0,92.0,84.0
155354,8d55dd86536e9fcbe31038060f5bcfb8,6,2,96.0,92.0,100.0
202055,a33b19587071c7e1c11a159fb2d066f2,3,1,96.0,92.0,86.0
208199,a33b19587071c7e1c11a159fb2d066f2,3,2,88.0,92.0,74.0
214688,a33b19587071c7e1c11a159fb2d066f2,3,3,100.0,92.0,82.0
16649,a33b19587071c7e1c11a159fb2d066f2,3,2,96.0,92.0,96.0
190773,a33b19587071c7e1c11a159fb2d066f2,6,1,96.0,92.0,100.0
169729,a33b19587071c7e1c11a159fb2d066f2,3,1,96.0,92.0,96.0
108326,a33b19587071c7e1c11a159fb2d066f2,6,3,88.0,92.0,48.0
108504,a33b19587071c7e1c11a159fb2d066f2,3,1,100.0,92.0,84.0
77201,a33b19587071c7e1c11a159fb2d066f2,6,2,92.0,92.0,96.0
196910,a33b19587071c7e1c11a159fb2d066f2,3,3,92.0,92.0,96.0
39435,a33b19587071c7e1c11a159fb2d066f2,3,2,72.0,92.0,68.0
166084,a33b19587071c7e1c11a159fb2d066f2,3,2,84.0,92.0,67.0
185299,defbc6951b7c7d6c1f856b319eb6b77d,5,1,88.0,92.0,84.0
192558,defbc6951b7c7d6c1f856b319eb6b77d,5,1,96.0,92.0,96.0
201460,defbc6951b7c7d6c1f856b319eb6b77d,5,1,88.0,92.0,92.0
94510,defbc6951b7c7d6c1f856b319eb6b77d,5,1,100.0,92.0,92.0
195572,defbc6951b7c7d6c1f856b319eb6b77d,5,1,96.0,92.0,88.0
28299,defbc6951b7c7d6c1f856b319eb6b77d,5,1,92.0,92.0,92.0
154453,defbc6951b7c7d6c1f856b319eb6b77d,4,1,96.0,92.0,84.0
132753,defbc6951b7c7d6c1f856b319eb6b77d,5,1,84.0,92.0,100.0
53257,defbc6951b7c7d6c1f856b319eb6b77d,4,1,92.0,92.0,84.0
51313,00b9bd6a16619dae899a8c9edef97a0a,8,1,92.0,96.0,92.0
182556,00b9bd6a16619dae899a8c9edef97a0a,7,3,92.0,96.0,96.0
141777,152a3ced5f0f3bf33a982d071fe5e9d2,3,5,88.0,96.0,96.0
117209,152a3ced5f0f3bf33a982d071fe5e9d2,3,5,100.0,96.0,92.0
198764,152a3ced5f0f3bf33a982d071fe5e9d2,3,5,96.0,96.0,96.0
44922,152a3ced5f0f3bf33a982d071fe5e9d2,3,5,96.0,96.0,96.0
93210,28352b6960b484ed875710a5d01d2ed0,7,1,100.0,96.0,88.0
137901,28352b6960b484ed875710a5d01d2ed0,7,1,100.0,96.0,96.0
82685,28352b6960b484ed875710a5d01d2ed0,7,5,96.0,96.0,68.0
90696,28352b6960b484ed875710a5d01d2ed0,7,3,92.0,96.0,76.0
146819,28352b6960b484ed875710a5d01d2ed0,7,3,80.0,96.0,100.0
118637,28352b6960b484ed875710a5d01d2ed0,8,5,76.0,96.0,64.0
37419,45de0882695f63e80a6eae7a458c07e0,4,1,100.0,96.0,84.0
190715,45de0882695f63e80a6eae7a458c07e0,5,2,100.0,96.0,100.0
87657,45de0882695f63e80a6eae7a458c07e0,4,2,96.0,96.0,92.0
41828,45de0882695f63e80a6eae7a458c07e0,5,2,100.0,96.0,100.0
188844,45de0882695f63e80a6eae7a458c07e0,4,1,96.0,96.0,96.0
27959,45de0882695f63e80a6eae7a458c07e0,5,2,96.0,96.0,100.0
27288,5849f953d93f4e1256de7102936614d6,6,4,84.0,96.0,100.0
129575,5849f953d93f4e1256de7102936614d6,6,4,96.0,96.0,100.0
127626,6d53097cd54b20364cc8a14357e4318c,4,2,92.0,96.0,100.0
27137,6d53097cd54b20364cc8a14357e4318c,4,4,92.0,96.0,100.0
61975,6d53097cd54b20364cc8a14357e4318c,4,1,88.0,96.0,96.0
90777,6d53097cd54b20364cc8a14357e4318c,3,3,96.0,96.0,96.0
190976,6d53097cd54b20364cc8a14357e4318c,4,3,100.0,96.0,88.0
1500,6d53097cd54b20364cc8a14357e4318c,4,2,96.0,96.0,92.0
146729,6d53097cd54b20364cc8a14357e4318c,6,4,100.0,96.0,100.0
109986,6d53097cd54b20364cc8a14357e4318c,4,4,100.0,96.0,92.0
56888,6d53097cd54b20364cc8a14357e4318c,4,4,96.0,96.0,96.0
34466,6d53097cd54b20364cc8a14357e4318c,4,1,88.0,96.0,100.0
107266,6d53097cd54b20364cc8a14357e4318c,6,1,92.0,96.0,100.0
35197,6d53097cd54b20364cc8a14357e4318c,4,3,100.0,96.0,96.0
132787,6d53097cd54b20364cc8a14357e4318c,6,4,96.0,96.0,100.0
3440,6d53097cd54b20364cc8a14357e4318c,6,1,100.0,96.0,92.0
2565,6d53097cd54b20364cc8a14357e4318c,3,3,96.0,96.0,100.0
92401,6d53097cd54b20364cc8a14357e4318c,6,3,96.0,96.0,100.0
197293,6d53097cd54b20364cc8a14357e4318c,3,1,80.0,96.0,88.0
176412,6d53097cd54b20364cc8a14357e4318c,6,3,92.0,96.0,96.0
63893,6d53097cd54b20364cc8a14357e4318c,6,3,92.0,96.0,96.0
182404,6d53097cd54b20364cc8a14357e4318c,5,1,92.0,96.0,92.0
186756,6d53097cd54b20364cc8a14357e4318c,6,2,100.0,96.0,96.0
160271,6d53097cd54b20364cc8a14357e4318c,3,3,96.0,96.0,84.0
25729,6d53097cd54b20364cc8a14357e4318c,5,1,96.0,96.0,100.0
189165,6d53097cd54b20364cc8a14357e4318c,4,4,100.0,96.0,96.0
202425,6d53097cd54b20364cc8a14357e4318c,4,1,100.0,96.0,100.0
191107,6d53097cd54b20364cc8a14357e4318c,6,2,88.0,96.0,100.0
193951,6d53097cd54b20364cc8a14357e4318c,4,3,100.0,96.0,88.0
9919,6d53097cd54b20364cc8a14357e4318c,6,1,100.0,96.0,92.0
99196,6d53097cd54b20364cc8a14357e4318c,4,3,100.0,96.0,76.0
57972,6d53097cd54b20364cc8a14357e4318c,4,2,96.0,96.0,84.0
120634,6d53097cd54b20364cc8a14357e4318c,4,1,96.0,96.0,92.0
33437,6d53097cd54b20364cc8a14357e4318c,5,1,100.0,96.0,100.0
4136,6d53097cd54b20364cc8a14357e4318c,6,2,100.0,96.0,100.0
6148,6d53097cd54b20364cc8a14357e4318c,3,1,100.0,96.0,72.0
26162,6d53097cd54b20364cc8a14357e4318c,6,1,96.0,96.0,100.0
108840,6d53097cd54b20364cc8a14357e4318c,3,1,100.0,96.0,100.0
58627,6d53097cd54b20364cc8a14357e4318c,3,3,88.0,96.0,88.0
198783,8d55dd86536e9fcbe31038060f5bcfb8,3,1,96.0,96.0,96.0
117421,8d55dd86536e9fcbe31038060f5bcfb8,6,2,96.0,96.0,96.0
209762,8d55dd86536e9fcbe31038060f5bcfb8,5,3,96.0,96.0,96.0
90299,8d55dd86536e9fcbe31038060f5bcfb8,6,2,92.0,96.0,100.0
60666,8d55dd86536e9fcbe31038060f5bcfb8,6,3,96.0,96.0,92.0
111771,8d55dd86536e9fcbe31038060f5bcfb8,3,1,96.0,96.0,100.0
89699,8d55dd86536e9fcbe31038060f5bcfb8,3,2,96.0,96.0,96.0
118338,8d55dd86536e9fcbe31038060f5bcfb8,3,3,92.0,96.0,90.0
146968,8d55dd86536e9fcbe31038060f5bcfb8,4,3,92.0,96.0,88.0
153326,8d55dd86536e9fcbe31038060f5bcfb8,3,1,100.0,96.0,96.0
93666,8d55dd86536e9fcbe31038060f5bcfb8,3,3,84.0,96.0,100.0
32600,8d55dd86536e9fcbe31038060f5bcfb8,3,1,100.0,96.0,100.0
57221,8d55dd86536e9fcbe31038060f5bcfb8,3,3,100.0,96.0,100.0
168734,8d55dd86536e9fcbe31038060f5bcfb8,4,2,100.0,96.0,92.0
169212,8d55dd86536e9fcbe31038060f5bcfb8,6,2,100.0,96.0,100.0
206025,8d55dd86536e9fcbe31038060f5bcfb8,3,3,84.0,96.0,95.0
2445,939ae818f4b5d68839a3d31094ce2161,6,3,96.0,96.0,92.0
16113,a33b19587071c7e1c11a159fb2d066f2,6,3,100.0,96.0,100.0
386,a33b19587071c7e1c11a159fb2d066f2,3,2,84.0,96.0,92.0
96547,a33b19587071c7e1c11a159fb2d066f2,3,3,100.0,96.0,96.0
203126,a33b19587071c7e1c11a159fb2d066f2,3,3,92.0,96.0,92.0
141950,a33b19587071c7e1c11a159fb2d066f2,6,3,100.0,96.0,100.0
122615,a33b19587071c7e1c11a159fb2d066f2,6,3,88.0,96.0,96.0
23423,a33b19587071c7e1c11a159fb2d066f2,3,1,92.0,96.0,92.0
5080,a33b19587071c7e1c11a159fb2d066f2,3,2,92.0,96.0,92.0
82780,a33b19587071c7e1c11a159fb2d066f2,3,1,100.0,96.0,84.0
175928,defbc6951b7c7d6c1f856b319eb6b77d,4,1,100.0,96.0,100.0
73441,defbc6951b7c7d6c1f856b319eb6b77d,4,1,100.0,96.0,96.0
137741,defbc6951b7c7d6c1f856b319eb6b77d,5,1,88.0,96.0,100.0
14575,defbc6951b7c7d6c1f856b319eb6b77d,4,1,100.0,96.0,96.0
18082,00b9bd6a16619dae899a8c9edef97a0a,7,2,88.0,100.0,100.0
65411,28352b6960b484ed875710a5d01d2ed0,7,4,100.0,100.0,100.0
212822,28352b6960b484ed875710a5d01d2ed0,8,5,84.0,100.0,100.0
169995,28352b6960b484ed875710a5d01d2ed0,7,2,96.0,100.0,88.0
192132,45de0882695f63e80a6eae7a458c07e0,4,2,100.0,100.0,100.0
100711,45de0882695f63e80a6eae7a458c07e0,5,2,100.0,100.0,100.0
149864,45de0882695f63e80a6eae7a458c07e0,5,1,88.0,100.0,84.0
78593,45de0882695f63e80a6eae7a458c07e0,5,1,96.0,100.0,84.0
12520,5849f953d93f4e1256de7102936614d6,6,4,96.0,100.0,100.0
141604,5849f953d93f4e1256de7102936614d6,6,4,92.0,100.0,100.0
40957,6d53097cd54b20364cc8a14357e4318c,4,3,100.0,100.0,100.0
37311,6d53097cd54b20364cc8a14357e4318c,3,1,100.0,100.0,100.0
92761,6d53097cd54b20364cc8a14357e4318c,6,1,96.0,100.0,96.0
122416,6d53097cd54b20364cc8a14357e4318c,3,1,92.0,100.0,88.0
112687,6d53097cd54b20364cc8a14357e4318c,6,4,92.0,100.0,100.0
15927,6d53097cd54b20364cc8a14357e4318c,3,3,100.0,100.0,100.0
89734,6d53097cd54b20364cc8a14357e4318c,4,4,96.0,100.0,96.0
65481,6d53097cd54b20364cc8a14357e4318c,3,3,92.0,100.0,88.0
178193,6d53097cd54b20364cc8a14357e4318c,6,4,100.0,100.0,92.0
74647,6d53097cd54b20364cc8a14357e4318c,6,3,88.0,100.0,100.0
200657,6d53097cd54b20364cc8a14357e4318c,4,1,100.0,100.0,80.0
1633,6d53097cd54b20364cc8a14357e4318c,6,4,88.0,100.0,92.0
120633,6d53097cd54b20364cc8a14357e4318c,4,1,100.0,100.0,96.0
90932,6d53097cd54b20364cc8a14357e4318c,6,1,100.0,100.0,96.0
202379,6d53097cd54b20364cc8a14357e4318c,3,3,96.0,100.0,96.0
166838,6d53097cd54b20364cc8a14357e4318c,3,3,96.0,100.0,92.0
64069,6d53097cd54b20364cc8a14357e4318c,3,3,96.0,100.0,100.0
196174,6d53097cd54b20364cc8a14357e4318c,3,3,100.0,100.0,88.0
74825,6d53097cd54b20364cc8a14357e4318c,3,3,96.0,100.0,96.0
133715,6d53097cd54b20364cc8a14357e4318c,4,1,100.0,100.0,100.0
19839,6d53097cd54b20364cc8a14357e4318c,5,1,100.0,100.0,96.0
175537,6d53097cd54b20364cc8a14357e4318c,4,4,100.0,100.0,88.0
170393,6d53097cd54b20364cc8a14357e4318c,3,3,88.0,100.0,96.0
196225,6d53097cd54b20364cc8a14357e4318c,4,3,92.0,100.0,92.0
92939,6d53097cd54b20364cc8a14357e4318c,3,1,100.0,100.0,96.0
26340,6d53097cd54b20364cc8a14357e4318c,3,1,92.0,100.0,88.0
101261,6d53097cd54b20364cc8a14357e4318c,3,3,92.0,100.0,100.0
109987,6d53097cd54b20364cc8a14357e4318c,4,1,100.0,100.0,100.0
137403,6d53097cd54b20364cc8a14357e4318c,6,3,100.0,100.0,100.0
92762,6d53097cd54b20364cc8a14357e4318c,6,2,96.0,100.0,96.0
177058,6d53097cd54b20364cc8a14357e4318c,5,1,96.0,100.0,100.0
21652,8d55dd86536e9fcbe31038060f5bcfb8,3,3,88.0,100.0,92.0
56152,8d55dd86536e9fcbe31038060f5bcfb8,3,3,100.0,100.0,96.0
50861,8d55dd86536e9fcbe31038060f5bcfb8,6,2,96.0,100.0,96.0
193153,8d55dd86536e9fcbe31038060f5bcfb8,3,2,96.0,100.0,92.0
127819,8d55dd86536e9fcbe31038060f5bcfb8,6,3,100.0,100.0,100.0
37341,8d55dd86536e9fcbe31038060f5bcfb8,3,2,100.0,100.0,100.0
155127,8d55dd86536e9fcbe31038060f5bcfb8,3,3,100.0,100.0,100.0
185927,8d55dd86536e9fcbe31038060f5bcfb8,3,3,96.0,100.0,92.0
7462,8d55dd86536e9fcbe31038060f5bcfb8,6,2,92.0,100.0,80.0
120624,8d55dd86536e9fcbe31038060f5bcfb8,3,1,100.0,100.0,92.0
88849,8d55dd86536e9fcbe31038060f5bcfb8,6,2,96.0,100.0,100.0
160887,8d55dd86536e9fcbe31038060f5bcfb8,6,2,100.0,100.0,96.0
166722,8d55dd86536e9fcbe31038060f5bcfb8,6,2,100.0,100.0,96.0
39434,a33b19587071c7e1c11a159fb2d066f2,3,2,100.0,100.0,84.0
168990,a33b19587071c7e1c11a159fb2d066f2,3,3,84.0,100.0,84.0
113068,a33b19587071c7e1c11a159fb2d066f2,6,3,100.0,100.0,100.0
135284,defbc6951b7c7d6c1f856b319eb6b77d,5,1,96.0,100.0,100.0
106836,defbc6951b7c7d6c1f856b319eb6b77d,4,1,96.0,100.0,80.0
